Actual,Predicted,Churn_Probability
0,1,0.5267449819664656
0,0,0.06943651116773919
1,0,0.3872180098418528
0,0,0.2857442690100421
1,1,0.7815283197314542
0,0,0.2997873336742694
0,0,0.14765813323962448
0,0,0.1975549529210957
0,0,0.38425061787971737
1,1,0.8460474777158761
0,0,0.10155139254479831
0,0,0.2710534590947034
1,1,0.9010050645247851
0,0,0.2299702622465628
0,1,0.8423478023952414
0,1,0.5061372594496527
0,0,0.38404737288665364
0,0,0.24156574069230208
0,0,0.39683999768932965
0,0,0.1250999824313698
0,1,0.5035939973845167
1,0,0.481794778770251
0,0,0.06678138522436695
0,0,0.23040319352526828
0,0,0.1406573511322543
0,1,0.5954817217262431
1,1,0.8005860526245777
1,1,0.8893478589562015
0,0,0.10278394226015557
0,0,0.23774850426524557
0,0,0.2647628556952077
1,1,0.769235592422426
0,0,0.25221159729266224
0,0,0.30014833183433565
0,0,0.16554508410003907
0,0,0.05753477676428162
0,0,0.22353609189602427
0,0,0.3291521275777577
0,0,0.08038978193814632
0,0,0.06811380346217265
0,0,0.38336919903120414
0,0,0.21111823925355216
0,0,0.39554767926804496
0,0,0.23689967890659758
1,1,0.6683797804737815
0,0,0.17334843702550798
0,0,0.1221838141670664
0,0,0.16324463451869284
0,0,0.09203673316216388
0,0,0.28066170798238543
0,1,0.5905503531746482
0,0,0.05614758978303757
1,1,0.8893478589562015
0,0,0.4357523848650085
0,0,0.09360227646301532
1,1,0.8594589797854992
0,0,0.10040385334578203
0,0,0.19536593777508007
1,1,0.9252695063367362
1,1,0.9247893312616384
1,1,0.7265683291673583
0,1,0.7178877952771621
0,0,0.34607085092670903
0,1,0.5540968186323618
0,0,0.28049240594905733
0,0,0.28130330501531625
0,0,0.29732453151992
1,1,0.797470500575419
0,0,0.28066170798238543
0,0,0.3731944190333862
0,0,0.04553665203579389
0,0,0.2809235058288975
0,0,0.06744023576422341
0,0,0.04170586409833462
0,1,0.5839516785444873
0,0,0.0947520435482349
0,0,0.4060981722785031
1,1,0.9305955826286078
0,0,0.05921754746323671
1,1,0.6445127044149231
0,1,0.8681720005181303
1,0,0.38161340845750363
1,1,0.9027980188991483
0,0,0.3681864353552091
0,0,0.41401538343439737
1,1,0.9358575898162459
0,0,0.15045102505598804
1,0,0.25406605419588574
0,0,0.2533113464195681
0,0,0.48649544666974387
1,1,0.7026273328477178
0,0,0.1484699402969228
0,1,0.5614747720487955
0,0,0.29470532555570816
0,0,0.07379777319023693
0,0,0.29087481957427364
0,0,0.05759857696295315
0,1,0.598041440942128
0,0,0.3127962079840201
1,1,0.860122660668614
0,0,0.31363143651748976
0,0,0.11481112912792867
1,1,0.7244257383524356
0,1,0.5068010740228764
0,0,0.18551975669195386
0,0,0.16740117098556823
0,0,0.39068706657764973
0,0,0.3138837407552834
0,0,0.351231735844994
1,1,0.7530736695796427
1,1,0.882288515530933
0,0,0.37252381924003053
0,0,0.3129244823062358
0,0,0.2832034172556247
0,0,0.14473949669108638
0,0,0.33966483577986734
0,0,0.2970789010347325
0,0,0.3551695466185571
0,0,0.12920324878322997
0,0,0.1996060873054413
0,0,0.09360227646301532
0,1,0.5491303794133302
0,0,0.15045102505598804
0,0,0.06172553130371767
0,1,0.9285725943029783
0,0,0.2860248939449945
0,0,0.3120877390388105
0,0,0.0704170994066226
1,0,0.359880505674249
0,1,0.5233775261321052
1,1,0.5576154470958303
0,0,0.08222515746270442
1,1,0.9800323748453564
0,0,0.2649247544561556
0,0,0.3375715370722516
0,1,0.6546199369824801
0,0,0.16529090477444214
1,1,0.9655917641501558
0,0,0.07711388623275978
0,0,0.21265941493509571
1,1,0.9119853205665094
0,0,0.21709546542042346
0,0,0.41861884669402943
1,0,0.4866969828690673
1,1,0.862853551041873
0,1,0.7178877952771621
0,0,0.16807267613095583
1,1,0.859979487695423
0,0,0.2278731359378324
0,0,0.1928461379192078
0,0,0.13616554356817054
1,1,0.6720282029870055
1,0,0.40015250572248423
0,0,0.18435349003373497
1,1,0.8901060008681682
0,0,0.3127962079840201
1,1,0.6995732634724845
0,1,0.5636918690288315
1,1,0.8721726436258215
0,0,0.15045102505598804
0,0,0.0852118129997476
0,0,0.4248749879464185
0,0,0.20159687868940024
0,0,0.10421425376869062
0,0,0.293854948499781
1,1,0.6407356203079508
0,0,0.33391634808798176
0,1,0.5614747720487955
0,0,0.3452399291489548
0,0,0.2742922337338415
0,0,0.05901937055395427
0,1,0.5939615024185824
0,0,0.11134412226228496
1,0,0.38740095536146435
0,0,0.41433071627552676
0,0,0.18334182830715764
0,0,0.48049850497622765
1,0,0.45177470750888354
1,1,0.6711713061206175
0,0,0.10122405928238926
0,0,0.45692476169797713
0,0,0.18258021389829304
1,1,0.7351870243466573
1,0,0.0911377809813574
0,0,0.19364960762850253
0,0,0.0947520435482349
0,0,0.34195089993442296
1,1,0.9407633452435753
0,0,0.05753477676428162
0,1,0.7313757425080165
0,0,0.167271375429073
1,1,0.7041901128999009
1,1,0.6824901200490342
0,0,0.1507420293862471
1,1,0.8409364906592531
0,0,0.09135985258582391
0,0,0.21275205969267402
0,0,0.09332232293190076
0,1,0.5003322469888243
0,0,0.46558200340205874
0,0,0.3400841084382033
1,0,0.34531990636158383
1,1,0.5836580124594043
1,0,0.2907168890142269
0,0,0.2698306526490263
0,1,0.5571703680640353
1,1,0.9409765975170268
0,0,0.362888552222063
0,0,0.2059914294142852
0,0,0.448802920861041
0,0,0.31168999104921774
1,1,0.7366797508073721
0,1,0.6371634451118626
1,1,0.5377217540109573
1,1,0.9083211990912728
1,0,0.29209480159099227
1,1,0.944250085784923
0,0,0.4481236538091338
0,0,0.1975549529210957
0,0,0.4050387377438696
1,1,0.9220163720717668
0,0,0.05356534984108658
1,1,0.9325419726982245
1,0,0.43447386602624544
0,0,0.03678831089739431
0,0,0.4212697327059274
0,0,0.31460188771166797
1,0,0.2857442690100421
1,1,0.9558962877708493
0,1,0.5713159362495265
1,1,0.9694283973382427
1,1,0.5364282954570199
0,1,0.5043334637724882
0,0,0.13679489030608433
0,1,0.8298344302065097
0,0,0.25528443854354704
0,0,0.41033963922100036
1,1,0.9234144050970787
0,1,0.860122660668614
0,0,0.15045102505598804
0,1,0.5639119553643834
0,1,0.5116713940642588
0,1,0.5572178609674715
0,0,0.09958236358217297
0,0,0.06401334546957661
0,1,0.5151305157193474
0,0,0.05472492131008574
0,0,0.11143088017800479
1,1,0.7680017928859866
1,1,0.5129479057398757
0,0,0.2779059546178501
0,1,0.6443234464402685
0,0,0.21709546542042346
0,0,0.4414837917208519
0,0,0.2857442690100421
0,0,0.393676945374754
0,0,0.11768856069241512
0,0,0.19431971227679407
1,1,0.9484034548643682
0,1,0.6156364157526686
0,0,0.2718667757789691
0,0,0.2816515834865393
1,1,0.6374650091320058
0,0,0.12941050163674186
0,0,0.20310253021915434
0,1,0.7925194922020276
0,0,0.39255786108951457
1,1,0.6614574775980523
0,0,0.0855487546854803
0,1,0.7795642509175231
1,0,0.28615207412092325
0,0,0.3716243072304142
0,0,0.10278394226015557
0,0,0.09299044567020254
0,0,0.27201575974381603
1,0,0.3681864353552091
1,1,0.8346957759358514
0,0,0.36893903940697104
0,0,0.4579405234345704
0,0,0.27857896000941296
0,1,0.8949980910437183
1,0,0.4827913015519142
1,0,0.10829292442610718
0,1,0.5540968186323618
0,1,0.6810952542747386
0,0,0.34035300278532366
1,1,0.9668532176870486
0,0,0.30225293520874075
0,0,0.49362346320731076
0,0,0.22635557962388694
0,0,0.09467318584619727
0,0,0.27407808292573743
0,0,0.09858368116556225
0,1,0.5285902398071424
0,0,0.06657259901714004
0,0,0.18872484349233978
0,0,0.4379470606702739
1,0,0.34607085092670903
1,1,0.6165665482806003
0,1,0.7931188266618677
0,0,0.3827826164972226
0,0,0.42454370745752296
0,0,0.06826783490244444
0,0,0.2760446952559213
0,0,0.05865019405102548
0,0,0.46571041293084037
0,0,0.47236889907268625
0,0,0.07379777319023693
0,0,0.3767427989418868
0,0,0.34326626225273654
1,1,0.7731550344899738
1,1,0.6704398428504751
0,0,0.34844556309890534
0,1,0.648236212957402
0,1,0.5175951132764969
1,0,0.1912923563970769
0,0,0.1421464131748625
0,0,0.26864442022754764
0,0,0.41579819652465955
0,0,0.12831789720621659
1,1,0.6323453220865067
0,0,0.3674394669592554
0,0,0.3400241462006076
0,1,0.5675830436321592
0,0,0.05350576348015643
0,0,0.10327131947581797
0,0,0.0710016614393897
0,1,0.5431378911786859
0,0,0.057420930108271664
0,0,0.03243451150082762
0,0,0.3800343739078332
0,0,0.13101060352214872
0,0,0.1279692097933661
0,0,0.10278394226015557
0,1,0.7227718960530067
0,1,0.6625815788770374
1,0,0.2910942696143103
0,0,0.2631257424203484
0,0,0.37793483270070993
1,1,0.6504261226491058
0,0,0.12577656579970045
0,0,0.08313702911675695
0,0,0.20786217402936574
0,0,0.12502650350358913
0,0,0.04063248531461212
0,0,0.15045102505598804
0,1,0.6768785373124387
1,1,0.9227753740761968
0,0,0.25271410558858154
1,1,0.915974883964028
0,0,0.4280560041362369
0,0,0.15728355894487564
0,0,0.0817945312914176
0,0,0.2692943896111309
0,0,0.37061160062065807
0,0,0.22857031548337786
0,0,0.2857442690100421
0,0,0.050983635380584286
0,0,0.11818691282324292
0,0,0.05472492131008574
1,1,0.5611935365716446
0,0,0.06668364058164077
0,0,0.11194071887283512
0,0,0.26206128931983935
1,0,0.1373630227775277
0,0,0.07379777319023693
1,0,0.45980225975301986
0,0,0.05753477676428162
0,0,0.1870776245528287
0,0,0.27630637848444617
0,0,0.04623142655851575
0,0,0.035291443512236655
0,0,0.30832569644760727
1,1,0.8230047052522319
1,1,0.8643867951460292
1,0,0.4775401413333093
0,0,0.06198716274527653
0,0,0.12921803551049138
0,0,0.3253607819643825
0,0,0.18736253589593618
0,0,0.08090873224884548
0,1,0.8933577562948749
0,0,0.1151491811296918
0,0,0.13713461366324975
0,0,0.05390409450896389
0,0,0.10158124251879723
0,0,0.36953276238865135
0,0,0.325305807988156
0,0,0.1132482805254697
0,1,0.5614747720487955
0,0,0.11775448083951767
0,0,0.050983635380584286
0,0,0.27415704295236254
0,0,0.39005662032574095
1,1,0.6454995470279264
0,0,0.36408491770503965
0,0,0.06943651116773919
0,0,0.3808112716097596
0,1,0.7507299024064061
0,0,0.05472492131008574
0,1,0.661724760375163
1,1,0.9133296236567736
0,0,0.09715368658886954
0,1,0.5794270232580783
0,0,0.09542431410015499
0,0,0.04636370472724637
0,0,0.11569069732141977
0,1,0.5554253511478664
0,0,0.26177198191427503
0,0,0.12711386122073018
0,1,0.5883415956382384
0,0,0.14303096318576147
1,1,0.9150278655215733
1,0,0.17874940651497886
0,0,0.2020780243941415
0,0,0.07169417460681428
0,0,0.3970201250432695
0,0,0.12192887123154446
0,1,0.8161892055736764
1,1,0.7607615064947252
0,0,0.3625288574244139
0,0,0.13511093983301534
0,0,0.38425061787971737
0,1,0.8393467655383178
1,0,0.15237380738612918
0,0,0.15422000638316088
0,0,0.3069917033993235
0,0,0.2510360260551275
0,0,0.0656594192748346
0,0,0.47951887908133894
0,0,0.3941149889268436
0,0,0.048532501999528334
0,0,0.1552042319215261
0,0,0.3644351909077231
0,0,0.11134412226228496
0,0,0.19615749620719797
0,0,0.10155139254479831
0,0,0.054892450089313836
0,1,0.6578500474735337
0,0,0.22790560923687989
0,0,0.403723357219905
0,0,0.24074350401827393
0,0,0.48626085086594495
0,0,0.06754118004222122
0,0,0.09744736713290092
0,0,0.3339010680716362
0,0,0.27290011939781833
0,1,0.8860255449068926
0,0,0.13022549619985713
0,0,0.42312357023156105
0,0,0.3950217085673908
0,0,0.04442510892981741
0,0,0.18183848249374437
0,0,0.08613341630100173
0,0,0.11134412226228496
1,0,0.10395554057613754
0,0,0.3290876365085439
0,0,0.21080391218217895
0,0,0.1514294782617905
0,0,0.09962524885789076
0,0,0.35318995749871174
0,0,0.049741465007194084
0,0,0.07029079074493287
0,0,0.45662939558381105
0,1,0.6488073021172376
1,0,0.060335749224916906
0,0,0.2927492318001041
1,1,0.962957079513387
1,1,0.580102921367079
0,0,0.10721815098260432
1,0,0.2752857277556687
0,1,0.6737436896215304
0,0,0.3817216314961457
0,0,0.06943651116773919
1,1,0.6555934822624994
1,1,0.8594068648899514
0,0,0.4403761892042756
0,0,0.41226478666253763
0,0,0.4218117531854857
0,0,0.21018243101299983
0,0,0.0974219583580692
1,0,0.181062606354737
0,1,0.6618002903804406
0,0,0.07393680936490885
0,0,0.26710363250934377
0,0,0.20718914308028405
0,1,0.6541048680520547
0,0,0.33602284674572575
1,1,0.7040908983156108
0,0,0.4060981722785031
1,1,0.802058580444813
1,1,0.8044552503942841
0,0,0.13199639955168121
1,0,0.07908298010866087
0,1,0.5404516483870573
0,1,0.6596530406023575
1,1,0.968360411691136
0,0,0.4160016433371034
0,0,0.249406520196543
0,0,0.23593489085970257
0,0,0.18610129469781334
1,1,0.8540421348773077
0,0,0.3617879513884617
0,0,0.16151694464100327
0,0,0.037739699701798024
0,0,0.07795852854620619
0,0,0.030753839506870977
0,0,0.4060981722785031
1,0,0.4477719056236525
0,0,0.2628780398028732
1,0,0.22790560923687989
0,0,0.3808238282158356
0,0,0.32613997498277025
0,0,0.3127962079840201
1,1,0.9457654158074369
0,0,0.2915140550437102
1,1,0.9432824060592233
0,0,0.2775468606674315
1,1,0.6086597338100215
0,1,0.6891512435724927
0,0,0.3120094293756487
1,0,0.15283479356945123
0,0,0.07086218800168309
0,0,0.15525284427920316
0,0,0.24660623793329753
0,0,0.36279410723436906
0,0,0.2847706618151645
0,0,0.39256069289280304
0,0,0.1637594704750249
0,0,0.41444330712116345
0,0,0.3399592716608675
0,0,0.05268787134400755
0,0,0.05753477676428162
0,0,0.3259018128813194
0,0,0.233090717032857
0,0,0.3679105954713663
0,0,0.05982827718920809
0,0,0.12684162585370812
0,1,0.6658861865616964
0,0,0.294306908210861
0,0,0.09034958863830232
1,1,0.6097098140655995
0,0,0.22861711047280267
0,0,0.1327530240435415
0,0,0.21543209618476175
1,1,0.8279843893127977
1,1,0.9461340163385731
0,0,0.3569060227046518
0,0,0.3751828090327458
0,0,0.2623020581956422
0,0,0.26193156226336645
1,1,0.8142586283064802
1,1,0.6810952542747386
0,0,0.08790085917223217
1,1,0.9233331718292241
0,0,0.2853586273014981
0,0,0.38425061787971737
0,0,0.18922481066359575
0,0,0.10028036341848016
0,0,0.14515207292136326
0,0,0.1412149016520858
0,0,0.06183366438860057
0,0,0.12545077530979867
1,1,0.7237673679202552
1,1,0.9308935720043148
0,0,0.32613997498277025
0,0,0.1373722971854594
0,0,0.05614758978303757
0,0,0.3408915539665536
0,1,0.8353276021359141
0,0,0.09203673316216388
0,1,0.5179389079687198
0,0,0.08462098897926787
0,0,0.34920611644020483
0,0,0.22109260931006375
0,1,0.7708102105905174
0,1,0.5233775261321052
0,0,0.33391634808798176
0,0,0.41433071627552676
0,0,0.28550517155152594
0,0,0.36748855832636557
1,0,0.09565765925899393
0,0,0.05259955925429957
0,0,0.03951809070912508
0,1,0.547999773565121
0,0,0.17603531530317987
0,0,0.11134412226228496
0,0,0.37707718153042297
0,0,0.16261793134430155
0,0,0.32373548529264445
0,0,0.12600846474474878
0,0,0.1913488914658598
0,0,0.3608701280813569
0,0,0.38269288865226864
0,0,0.16644945505113978
0,1,0.5781761891419022
0,1,0.6680527099581755
0,0,0.2497228020075152
0,1,0.7718543022528837
0,0,0.2037785864757033
1,0,0.25580540470957763
0,0,0.28281179872931056
0,0,0.29693407956549195
0,0,0.34638873613248516
0,0,0.12290886026896855
1,0,0.2857442690100421
0,0,0.39377479482400707
0,0,0.27019263480639494
0,0,0.3805310196060231
0,1,0.8628373606107079
0,0,0.04335291422548127
0,0,0.2093568805281334
0,0,0.09767875209479551
0,0,0.2771118853349159
0,0,0.46696060219233854
0,0,0.03844199987193608
0,0,0.13302607178609402
0,0,0.3926672170473065
0,0,0.05614758978303757
0,0,0.41492352031544527
0,0,0.37727230044769183
0,0,0.04330416843452997
0,0,0.4418476023177633
1,0,0.13483366578477052
0,0,0.4779550482322328
1,1,0.940654979992846
0,0,0.1756257878475196
0,1,0.6668593586168922
1,1,0.7519679508564118
0,0,0.2855599273903026
0,0,0.13627060378022515
0,0,0.37793483270070993
0,1,0.8408855307663815
1,0,0.4163440785147989
0,0,0.2939707052007944
0,0,0.06878008390427204
0,0,0.21467363463219577
0,0,0.25587928327655435
0,0,0.2857442690100421
0,0,0.25538592601417437
1,1,0.9301626028050196
1,0,0.3401735307584119
0,0,0.15283479356945123
1,1,0.9373720205569505
0,0,0.36572525653061033
0,1,0.7810410428521741
0,0,0.3820549461728809
0,0,0.45177470750888354
0,1,0.7464076114816667
0,0,0.08212560963648728
0,0,0.07339016279890756
0,0,0.11346439912765646
0,0,0.12142165323611025
1,0,0.3566066762853641
1,1,0.8005860526245777
0,0,0.31790567349274995
0,0,0.10395554057613754
0,0,0.03082363043571835
0,0,0.06183366438860057
1,1,0.8474511657092283
0,0,0.31362479958292183
0,0,0.43498955371015036
0,0,0.18117090172910308
0,1,0.7237673679202552
0,0,0.36767249639004684
0,0,0.39844743668056193
1,1,0.8902685578727361
0,0,0.27485222726006947
0,0,0.039155776754833
0,0,0.36437880419280544
0,0,0.20602934049286983
0,0,0.12290477211291857
0,1,0.7642154921155394
0,0,0.08790085917223217
0,0,0.3107704579685793
1,1,0.9194155015892423
0,0,0.2440617425607505
0,0,0.05390409450896389
0,0,0.19563111545849443
0,0,0.17204869100056266
0,1,0.502929121603181
0,0,0.27201575974381603
0,0,0.17874940651497886
1,0,0.056487639347574996
0,0,0.049741465007194084
0,0,0.035291443512236655
0,1,0.8232889507936159
0,1,0.5401261152195492
0,0,0.061355833224319
0,1,0.5215273031755746
0,0,0.22234441507750416
0,0,0.28126235761161317
0,0,0.20509729182364414
0,0,0.2727853209417766
0,0,0.39860352646464603
1,1,0.8729814366341474
0,0,0.14639085288546572
1,1,0.6157720856537818
0,0,0.23309991670023464
0,0,0.15493948116155637
1,1,0.7203104131446559
0,0,0.49678337300929226
0,0,0.22954993997795062
0,0,0.04443887795526757
1,1,0.8831177654132583
0,1,0.5176230204828524
0,0,0.27029679769685594
0,0,0.1677749413148083
0,0,0.26313837593667017
0,0,0.035343141989100116
0,0,0.09358757432855858
0,0,0.23985980795525633
1,0,0.19777839847657938
0,0,0.059464163366080444
0,0,0.07653747331487493
1,1,0.8643867951460292
0,0,0.17341706305464483
0,1,0.5354760257297616
0,0,0.2955345351709348
0,0,0.28206103298155166
0,0,0.04215630955026939
0,1,0.5400129447862194
1,1,0.9260451535645527
0,1,0.844393781457057
0,1,0.6284994897231823
0,0,0.10789362292088608
1,1,0.873458569380589
1,0,0.4130825940326044
1,1,0.7510286216320272
0,1,0.536038246527175
0,0,0.24965905039033964
0,0,0.36316441961592305
1,1,0.8785053374002819
0,0,0.19480174035623785
0,0,0.29124218228699106
0,0,0.0845473378158224
0,0,0.04026044429180506
0,0,0.16106955231005868
0,0,0.3929319771880367
0,0,0.06172553130371767
0,0,0.188682289242727
1,0,0.17939673755014823
0,1,0.7313757425080165
1,1,0.708632391462432
0,1,0.7147595021551569
1,0,0.20462658838960732
0,1,0.5006298836957176
0,0,0.18887589543233452
0,0,0.19563111545849443
0,0,0.22585230361742034
1,0,0.4194190358443661
0,0,0.17336377268260514
1,0,0.135186567599434
1,0,0.05827299593434089
0,0,0.16890935235150892
0,1,0.8273891321968301
0,0,0.0686259445615513
0,0,0.34372714701228496
0,0,0.25887569799599974
0,0,0.11768856069241512
0,0,0.3722593782419894
1,0,0.4550759685054259
1,1,0.9231557430967309
1,1,0.6314461481303316
0,0,0.057420930108271664
0,1,0.6190800720173725
0,0,0.038235453843909084
1,1,0.9039780926097183
0,0,0.3746132292586146
0,0,0.1642315548808317
0,0,0.20159687868940024
0,0,0.14045812808021613
0,0,0.20532481239694478
1,0,0.3311107467473021
1,1,0.5832959172803379
0,0,0.048532501999528334
0,0,0.21752173502108377
0,0,0.09962524885789076
0,0,0.301056374363897
1,0,0.24169904299731612
0,1,0.6072670437700972
0,0,0.2620956266815071
0,0,0.10220969767816462
0,0,0.04160787806975158
0,0,0.22850209550568545
0,0,0.3074582583505762
0,0,0.2132862857651782
0,0,0.2990663863214757
0,0,0.10113993950228185
0,0,0.12422930878822004
0,1,0.6314461481303316
1,0,0.3573544732726741
0,0,0.379948181977088
1,1,0.9812856902771061
0,0,0.06534684806021553
0,0,0.06922025520004992
0,0,0.06428392971618538
1,0,0.09608674549842744
0,0,0.3847760452571888
0,0,0.16528631612365322
1,1,0.7076793237720111
0,0,0.06172553130371767
0,0,0.32582539591409676
0,0,0.06024376219456989
0,0,0.29250489468941
0,1,0.8696382940522271
0,0,0.05753477676428162
0,0,0.438692927996689
0,1,0.6245250323589381
0,0,0.3751828090327458
1,1,0.9411494724783812
0,0,0.3545721833994533
0,0,0.07108318189839512
1,0,0.4050387377438696
0,0,0.47963556234547894
0,0,0.14515207292136326
0,0,0.2911159194000508
0,1,0.5758989841750775
0,0,0.36255464021940254
0,0,0.1607949235318138
0,1,0.5460508663546784
1,1,0.8221361324412391
0,0,0.05063738456540084
0,0,0.26127050790218215
0,0,0.26507131907746684
0,0,0.4762828669900259
0,0,0.2542953460445254
0,0,0.16740112690774275
1,1,0.8051918407122884
0,1,0.6614574775980523
0,1,0.501229163694114
0,1,0.5057350294197048
1,0,0.20691018757808702
0,0,0.30239697957571676
1,1,0.7731550344899738
0,0,0.056179219436137566
0,1,0.6336776747819088
0,0,0.03157054195774123
0,0,0.2920645083725289
0,0,0.22294176556102935
0,0,0.11356811918040555
0,1,0.6523171851879279
0,0,0.16208129127983098
0,0,0.07520694103654743
0,0,0.21490336870718024
1,1,0.5801366208181704
0,1,0.5209338457133645
0,0,0.19930237683205096
1,1,0.8723230644720676
0,0,0.05472492131008574
0,0,0.26782464412929885
0,0,0.3774307463682417
0,0,0.1721331119189254
0,0,0.32333935614779685
0,0,0.09076629112133483
0,0,0.3072610301082058
0,0,0.3106677510860239
1,1,0.7161289591003341
1,1,0.5061372594496527
0,0,0.31790567349274995
0,0,0.10113993950228185
1,0,0.09526134052275079
0,0,0.3102517466834683
0,0,0.04486157712252722
0,0,0.12096284295010919
1,1,0.8587846891373712
0,0,0.09962524885789076
0,0,0.25587928327655435
0,0,0.17754336977825186
0,0,0.0962056234103032
0,0,0.16431639194638198
1,0,0.257223154178421
0,0,0.19777839847657938
0,1,0.5232449345937245
0,0,0.22411408938645863
0,0,0.1470603050042186
1,1,0.927909115646126
0,0,0.24274730554034615
0,0,0.07951020405573307
0,0,0.07653747331487493
0,0,0.05814875635307563
0,0,0.4472719916706727
1,1,0.8699567378141514
0,0,0.15686888058744258
0,0,0.1222471685441488
1,0,0.3970201250432695
0,0,0.32739491642739826
0,0,0.06777029573462742
0,0,0.06024376219456989
0,0,0.2492764718542038
0,0,0.13879831586745392
1,1,0.6614574775980523
0,0,0.3527358428758254
0,0,0.4194190358443661
0,1,0.6469730634938509
0,1,0.5674183026416585
0,0,0.4212697327059274
0,1,0.5431378911786859
0,0,0.10235502655798645
0,0,0.1941083192666438
0,0,0.19620062461254376
0,1,0.6355920176686752
0,1,0.9165572629122515
0,1,0.7731550344899738
1,1,0.610046311393367
1,1,0.8287821027812708
0,0,0.2794559511029096
1,1,0.5116713940642588
0,0,0.2622046796561652
0,0,0.2694207682509156
0,0,0.15498212423389784
1,0,0.36061653891955886
0,0,0.19971360025586374
1,1,0.913232351687948
0,0,0.22831016438589394
1,1,0.8538352482876946
0,0,0.03720033822450016
0,0,0.0774555079242354
1,1,0.8414626796776501
1,1,0.952004889488894
0,0,0.36893903940697104
0,0,0.2631257424203484
0,0,0.11127637470457964
0,0,0.197730202841058
0,0,0.05020337331618899
0,0,0.21782032542701948
0,0,0.3811895356862588
0,0,0.17806784158703065
0,0,0.39609597797671575
0,0,0.120375686108974
1,1,0.7293955988789435
0,0,0.21165950144321918
0,1,0.6057911438977347
0,0,0.1897845877855536
0,1,0.5209338457133645
0,0,0.04973230658664267
0,0,0.0719023723280703
0,1,0.769269331838033
0,0,0.3827826164972226
0,0,0.04229063270078445
0,0,0.05921754746323671
0,0,0.3004506285197991
0,0,0.4739064403990444
1,1,0.8563377690717469
0,0,0.45374424065530694
1,1,0.860122660668614
0,0,0.07276317190931214
1,0,0.41006517824153177
0,0,0.3938791910534574
0,0,0.27182131437572205
0,0,0.1394220752279107
0,0,0.15045102505598804
0,0,0.2720739251910547
0,0,0.08397085418136292
0,0,0.15031891242777023
0,0,0.14066426580952843
0,1,0.591413084953791
1,1,0.7869289357486882
1,1,0.625220458562792
0,0,0.31694869497361206
0,0,0.21824323726761158
0,0,0.35875939000064944
1,1,0.8642467917437454
1,0,0.34232290689383893
1,1,0.5989675974071469
0,1,0.7363508863816812
0,1,0.635279177973476
0,0,0.29002728846404463
0,0,0.15683454168563601
0,0,0.2576320908810053
0,0,0.23180944413213334
0,0,0.048431611485206444
0,0,0.06378405612866575
0,1,0.6824901200490342
0,0,0.11134412226228496
0,0,0.13117062935818102
0,1,0.6314461481303316
1,1,0.6067725711783093
0,0,0.04224470799089037
1,1,0.5032196157375363
0,0,0.2272717297309364
0,0,0.14251704703233847
0,0,0.2272322160104716
1,1,0.9116052402183513
0,0,0.36748855832636557
0,0,0.16422278515845276
0,0,0.03243451150082762
0,0,0.22954993997795062
0,0,0.041183602416820446
1,1,0.8718146421121401
0,1,0.5328815789287087
0,0,0.2762261414028217
0,1,0.5852182226333977
0,0,0.06650191094696033
0,0,0.2787034018089544
0,0,0.2949753728901316
0,1,0.562635982775459
0,0,0.1998780398231933
0,0,0.05901937055395427
0,0,0.30181136233577965
1,1,0.9001626077919924
0,0,0.039155776754833
0,0,0.11836447978237885
0,0,0.36916829098330806
0,0,0.09863667290174173
0,0,0.17499428086852972
0,0,0.2752857277556687
0,0,0.4255441859968471
0,1,0.5733698982614982
1,1,0.5168157798517843
0,0,0.26103528659491976
0,0,0.19734550829506114
0,0,0.04975732631615106
0,0,0.3595399925333943
1,1,0.9117538390142648
0,1,0.7768438841480939
1,1,0.9025779969452857
0,0,0.10395554057613754
0,0,0.14824824429415065
1,1,0.8280300748188939
0,0,0.2947924571957084
1,1,0.7178532767840007
0,1,0.5276854060793514
0,0,0.4060981722785031
0,1,0.7292620443318164
0,0,0.4284848578267303
1,1,0.9515646169638933
1,1,0.7096988345622725
0,0,0.19620062461254376
0,0,0.13547099705857338
0,0,0.3847760452571888
0,0,0.24641973049982538
0,0,0.30385468301410956
0,0,0.3396268412698213
0,1,0.5142693641476864
0,0,0.07633595678282921
0,0,0.3660008665870062
1,0,0.4838962159597964
0,0,0.2768222761127284
0,0,0.11134412226228496
0,0,0.10613455390883314
0,0,0.25460313110667604
1,1,0.6917721402276993
1,1,0.8218380005117655
0,1,0.7671446988832061
0,0,0.24247238364478563
0,0,0.041208411268922704
0,0,0.30151727924314936
0,0,0.22156901708036858
1,1,0.6284994897231823
0,0,0.4464205622769784
0,0,0.15826690091909246
0,0,0.29251844422061524
0,0,0.1305708507162656
1,0,0.4509192715906873
1,1,0.9395964544324389
0,1,0.5232449345937245
1,1,0.6284994897231823
0,1,0.724285458099095
0,0,0.4779550482322328
0,0,0.352049034639912
0,0,0.48882447056949485
0,1,0.7618527919379835
0,0,0.32509670595603934
1,1,0.5614747720487955
1,1,0.9461176684603345
0,0,0.07653747331487493
0,0,0.12017913536454572
0,0,0.18975501425294616
0,0,0.26313837593667017
0,0,0.11920562441550445
1,0,0.3888875492061233
0,0,0.3500494277990498
0,0,0.19548506643206257
0,0,0.3502603060101018
0,1,0.6618002903804406
0,1,0.6268588868901056
0,0,0.1227242729346901
0,0,0.18542869938171944
1,1,0.9235691226063018
1,0,0.4595330923073752
0,0,0.3769410998759922
0,0,0.3173174891140576
0,0,0.039442270623257884
0,0,0.40401630598319194
0,0,0.08237501547069354
0,0,0.2919835420165675
0,0,0.12231731559103293
0,0,0.34159551167812857
0,0,0.18329690931936354
0,1,0.525073314774823
1,1,0.8218380005117655
1,0,0.3044856613980156
0,0,0.24195461468108173
0,0,0.15429104932872242
0,0,0.09422192987683327
1,0,0.04561964801213883
0,0,0.41517261787408205
0,0,0.033592817362450254
1,1,0.5257543126429552
0,0,0.120375686108974
0,0,0.09962524885789076
0,0,0.06629393642225981
1,1,0.5543239913614457
0,0,0.11794903472504957
1,0,0.10636996107484563
0,0,0.17150627426621426
0,0,0.17334843702550798
0,0,0.19246101979498947
0,0,0.07833836535851867
0,0,0.2441014188293345
0,0,0.12384626774940394
1,0,0.4119419987706651
1,1,0.9224499972038065
0,0,0.22411408938645863
0,0,0.2959296207118718
0,0,0.12192591955353858
1,1,0.5590230287063196
1,0,0.49678337300929226
1,0,0.18113929373354598
1,1,0.9416334763634668
0,1,0.675478683812608
0,0,0.27705480072520594
1,1,0.876827417955597
0,1,0.5129479057398757
0,0,0.11012477663730698
0,0,0.424687009621097
1,0,0.41579819652465955
0,0,0.10395554057613754
0,0,0.2804898401965893
0,0,0.3070676695105447
0,0,0.0536425717872604
0,0,0.47236889907268625
0,0,0.07169417460681428
0,0,0.0992987887509683
0,0,0.2124626230190523
0,0,0.06024376219456989
0,0,0.05614758978303757
1,1,0.7253063179213477
0,0,0.0719023723280703
0,0,0.3465842594689161
0,0,0.20786519005439144
0,0,0.06912760750134136
0,0,0.28805114150207717
0,0,0.08820338506854215
0,1,0.5674183026416585
0,0,0.22195827194781317
0,0,0.2840416454725633
0,0,0.10040385334578203
0,0,0.06534684806021553
0,0,0.29963877607673195
0,0,0.05489831963351619
0,0,0.3883419822716515
0,0,0.2775468606674315
1,0,0.3037173433067848
0,0,0.38218341341257905
0,0,0.27876841098221183
1,0,0.14978986725049742
0,0,0.24274730554034615
0,1,0.6377469571536756
0,0,0.4837517311256409
0,0,0.05472492131008574
0,0,0.20665325365301818
0,0,0.29813549530239797
0,0,0.07520694103654743
0,1,0.7721368216164848
0,0,0.29127682074573397
0,0,0.15683454168563601
1,1,0.9094151657348629
0,0,0.10223815502731627
0,0,0.23774850426524557
0,0,0.4454710114988125
0,1,0.5152067155221678
0,0,0.360703555124528
0,1,0.6314461481303316
1,0,0.3065661790117982
0,0,0.32402189131201525
1,1,0.8922370957864681
0,0,0.37630770110852685
1,1,0.5989675974071469
0,0,0.2762063167172834
0,0,0.04276738708135447
1,0,0.45233298313424325
0,1,0.7478181526564927
1,1,0.9288467594419603
0,1,0.6456392488679394
0,1,0.7336278777951213
0,0,0.15045102505598804
0,0,0.055537050446629314
1,0,0.3127962079840201
0,0,0.49729125666439994
1,1,0.5844360375925846
0,0,0.20728085607631286
0,0,0.15880308145611166
0,1,0.6446745046659781
1,1,0.9001626077919924
1,1,0.6749689745013638
0,0,0.3467599808292387
0,0,0.3751273525021471
0,0,0.36921225492558746
0,0,0.46006764663745914
0,0,0.2850324380757365
0,0,0.38425061787971737
0,0,0.0992987887509683
0,0,0.11134412226228496
1,1,0.855264107483023
0,0,0.10283477637824695
0,0,0.18113929373354598
1,1,0.7671148637870187
0,0,0.18749719652328306
1,0,0.3426613953864955
0,0,0.38950828375982965
0,0,0.07244718225906527
0,0,0.40869090430818805
0,0,0.4232270198090109
0,0,0.15639323028140303
0,1,0.5045008007301426
1,0,0.3751273525021471
0,0,0.15045102505598804
0,0,0.4953004443098121
0,0,0.2563523321588034
0,0,0.1555270885270308
0,0,0.17981379074595033
0,0,0.08870560943736579
0,1,0.6452281273766117
0,0,0.4928031637704198
0,0,0.24732515495202265
1,1,0.9074974006079065
0,0,0.04553665203579389
0,0,0.12177603360155814
0,1,0.6357466567110657
0,0,0.3841503410925761
0,1,0.5058968645497892
0,0,0.24951159085056943
0,0,0.12791180503141045
1,1,0.9631625651240755
1,1,0.7730357171874191
0,1,0.5967944500471886
0,0,0.38980573207044183
0,0,0.29212233444260816
0,0,0.2746860409114482
0,0,0.11381257759811214
0,0,0.203773945673241
0,0,0.36365449854786286
0,0,0.06842071506814137
0,1,0.8192216981834665
0,0,0.17093931553616393
0,0,0.06965629580087666
0,0,0.43067080070151076
0,1,0.6524186285185222
0,0,0.46199414530185556
0,0,0.10892470974667648
0,0,0.10092546331913914
0,0,0.048431611485206444
0,0,0.10136843238936205
0,0,0.0730866884834466
0,0,0.18379252205813015
0,0,0.24265813890606033
1,1,0.9696704434448432
1,1,0.6904415996459227
0,1,0.5614747720487955
0,0,0.15078497284327927
0,0,0.17376741223208042
0,0,0.31392825840678534
0,0,0.35692855733306983
0,0,0.28598434068959705
0,1,0.5879405092806357
0,0,0.09858368116556225
0,0,0.29518079963788646
0,0,0.15045102505598804
1,0,0.2959701598363344
0,0,0.29815333251429726
0,0,0.27848415887442846
0,0,0.4099149324116183
0,0,0.12460485005601518
0,0,0.09744775936001598
0,0,0.3545721833994533
0,0,0.262390281100363
0,1,0.5184777630175764
0,1,0.6412991159099456
1,1,0.6855083453625298
0,0,0.2520387578513456
0,0,0.2060418390332358
0,1,0.5989675974071469
0,0,0.17932556773004316
0,0,0.17270552279189758
0,1,0.8810958871480652
0,0,0.04974606199723345
1,1,0.6188616553777225
0,1,0.7227581596918845
0,0,0.15781024536212634
0,0,0.2796138431864401
0,0,0.33493432229068243
1,1,0.8615834852973495
0,0,0.35499324312324226
0,0,0.08788929741539786
0,0,0.03243451150082762
0,0,0.07847157534338396
0,1,0.9099996902391622
0,0,0.07276317190931214
0,0,0.18101453540303325
0,0,0.09849708907799057
0,0,0.2983505183821423
0,0,0.47236889907268625
0,0,0.2516665266339881
0,0,0.2514832222664203
0,0,0.4577132920110081
0,0,0.06024376219456989
0,0,0.393676945374754
0,0,0.34347613580104963
0,1,0.871622848404586
1,1,0.8671493702753281
0,1,0.6313452687482358
1,1,0.8313406055275961
0,0,0.2272717297309364
1,1,0.9244614117064592
1,1,0.661724760375163
1,0,0.30832569644760727
0,1,0.7995204736622507
0,0,0.22078827976844323
0,0,0.33966483577986734
0,0,0.13611892218575375
0,0,0.08478998038273985
1,1,0.9773029192862701
0,0,0.4839554519692109
0,0,0.2785298504674774
0,0,0.2899486573414754
0,0,0.22859421506090688
1,1,0.8901518785139324
0,1,0.7585239779567406
0,0,0.12059412113542041
1,1,0.608132925933811
0,0,0.27002491730584516
1,1,0.9131444482086524
0,0,0.039155776754833
0,0,0.10421425376869062
0,0,0.10092546331913914
0,0,0.28250585573342346
1,0,0.43903861601906685
0,0,0.07865234772605792
1,1,0.9621721492412812
1,1,0.5266386491623845
0,0,0.0853013645307502
0,0,0.38404737288665364
0,0,0.03082363043571835
1,0,0.4072067607488975
0,0,0.09423923555753555
0,0,0.38310175971298704
0,0,0.21411577196255993
0,0,0.14441392106957168
0,0,0.4393540089473909
0,0,0.04330416843452997
0,0,0.2660875688169657
0,0,0.05530050133702133
0,0,0.09261008947095535
0,0,0.05614758978303757
0,0,0.07169417460681428
1,1,0.6433067023143191
0,1,0.8414474451461361
0,0,0.1958459644404945
0,0,0.42119964535332455
0,0,0.3950217085673908
0,1,0.558804069073842
0,0,0.057612840746649324
0,0,0.38310175971298704
0,0,0.16851659069990738
0,0,0.25125640820559403
0,0,0.10395554057613754
0,0,0.10395554057613754
1,1,0.7731421169236249
1,1,0.8718103090552795
0,0,0.12759690015674002
0,0,0.04330416843452997
0,0,0.253588125367499
1,1,0.9334759890329936
0,1,0.8530415164265991
0,0,0.3401735307584119
0,0,0.16350863252275116
0,0,0.16583807566435743
0,0,0.09049636759374644
0,0,0.13611892218575375
0,0,0.3324809122731459
0,0,0.14966101592216707
0,0,0.09971272304791656
0,0,0.3475581720891864
0,0,0.4366961197895146
0,0,0.36838250978602477
0,0,0.1437231105131953
0,1,0.7202105050744096
0,0,0.25538592601417437
0,0,0.15686888058744258
0,0,0.47505416362477415
0,0,0.11127637470457964
1,1,0.9265336669060871
0,0,0.09962524885789076
0,0,0.18470100241999612
0,0,0.3085097951514022
0,0,0.12921803551049138
0,0,0.1718172551182929
0,0,0.29957197674759445
0,0,0.2490021397835743
0,0,0.3578328085277839
1,1,0.8877961082662315
1,1,0.8013803897648868
0,0,0.042700256772276055
0,0,0.38635717618749515
0,0,0.09332232293190076
1,1,0.8346957759358514
0,0,0.03474247256033643
0,1,0.779546556501835
0,0,0.04762042967182775
0,0,0.25539841726013235
0,0,0.10591382712709335
0,0,0.03820409779070809
1,1,0.9515399296669047
1,1,0.9669447971838726
0,1,0.7244257383524356
0,0,0.1912341020411291
0,0,0.10958158399479444
0,0,0.18529893735017003
0,0,0.14874631831154042
0,0,0.3756597172414913
0,0,0.16576518646649593
0,0,0.37545172270270394
0,0,0.1508005465278637
0,0,0.09849708907799057
0,0,0.07169417460681428
0,0,0.14093501328089117
0,0,0.28615207412092325
0,0,0.28080663572339537
0,0,0.1511184652235785
0,0,0.13536823915402282
0,0,0.05921754746323671
0,0,0.3876149040835058
0,0,0.17414285517859335
0,0,0.05753477676428162
0,0,0.110241208529618
0,0,0.08985821893164934
0,1,0.7293955988789435
0,0,0.34294123057161363
0,0,0.0950096969704681
0,0,0.2773216330270324
0,0,0.29958126807106267
0,1,0.7120428997041502
0,1,0.6366468789755906
0,0,0.28707047548636877
0,0,0.2894151294531466
0,0,0.06172553130371767
0,0,0.3127962079840201
0,0,0.13223240926203975
0,1,0.8758986316197096
0,0,0.27188923222971395
0,0,0.15045102505598804
0,0,0.0947520435482349
0,1,0.5024959562524648
1,1,0.8318363313688095
0,0,0.3271148626949901
0,0,0.25480017814010836
0,1,0.5431378911786859
0,0,0.31460188771166797
0,0,0.2818038543045585
0,0,0.06284435199805805
0,1,0.5232449345937245
0,1,0.860122660668614
0,0,0.29815333251429726
1,1,0.9144435776812501
0,0,0.3888313207608215
0,0,0.0947520435482349
0,0,0.3140306193745934
0,0,0.19615749620719797
0,0,0.245387553890076
0,0,0.2645356690990731
0,0,0.2064844238140028
0,0,0.11768856069241512
1,1,0.6820139247274655
0,0,0.32965824120862164
0,1,0.5835764833312739
0,0,0.11134412226228496
0,0,0.29813549530239797
0,0,0.0962056234103032
0,0,0.26619962313153567
1,0,0.46470184533441367
1,0,0.3083379529534436
0,0,0.27152546406721256
0,0,0.34372714701228496
0,0,0.4060981722785031
0,0,0.3267894292418004
0,0,0.03418463226585807
0,0,0.10448228636466839
1,1,0.7694585995015942
0,0,0.39963130725052876
0,1,0.5215273031755746
0,0,0.47128295174606455
0,0,0.38689209580476197
0,0,0.33493432229068243
1,1,0.9016467592570344
1,1,0.8877961082662315
0,1,0.529210546840668
0,1,0.7292620443318164
0,0,0.07704587226952125
0,0,0.25125640820559403
0,0,0.3731944190333862
0,0,0.09944723020500593
0,0,0.2093092146842856
0,1,0.9099996902391622
0,0,0.3164333089789811
0,0,0.28907184062975216
0,0,0.2516765237160305
0,0,0.30033433152947425
0,0,0.39585606877995994
0,0,0.3398252070998008
0,0,0.24289915623674438
0,0,0.09360227646301532
1,1,0.9252695063367362
0,0,0.10681930808736328
0,1,0.6575701439180084
1,1,0.6407218340564015
0,0,0.04905472165817024
0,0,0.34841575240705236
0,0,0.1604071547942654
0,0,0.4705502792580747
0,0,0.05982827718920809
0,0,0.35812927248081716
1,0,0.36408491770503965
0,0,0.486286659938174
0,0,0.2054793637727665
1,1,0.6067725711783093
0,0,0.4725192262758111
1,1,0.9550220325534627
0,0,0.28588454086627435
0,0,0.0536425717872604
0,1,0.944619438800415
0,0,0.30569329688242003
0,0,0.09789796729464184
0,0,0.47313075333218796
0,0,0.4902651121772257
1,0,0.14246846646165576
1,1,0.8829642704872136
0,0,0.22516719312709935
1,1,0.9252695063367362
1,1,0.8930856697807803
0,0,0.19364960762850253
0,0,0.05063738456540084
0,0,0.20159687868940024
0,0,0.278102361365487
0,0,0.08870560943736579
0,0,0.30467853708355175
0,0,0.11134412226228496
0,0,0.14978986725049742
1,1,0.9584855274550848
1,0,0.34232290689383893
1,0,0.32582539591409676
0,0,0.2131439362597059
1,1,0.7298442345981055
0,0,0.3660008665870062
1,0,0.3192380212761653
0,0,0.05472492131008574
1,0,0.39255786108951457
0,0,0.0950096969704681
0,0,0.363195487795002
0,0,0.30016890699094856
0,1,0.6189722965804525
0,0,0.2491112003208934
0,1,0.619630751820349
0,0,0.32573695188423085
0,0,0.35318995749871174
0,0,0.4814686518781484
1,0,0.29163897337112155
0,1,0.7785761698460254
0,0,0.14090016750785692
0,0,0.34232290689383893
0,1,0.5911847689445127
1,1,0.8671493702753281
0,0,0.17939673755014823
0,0,0.2605341959756061
0,0,0.36437880419280544
1,1,0.9199867326501974
0,0,0.12095519723632783
0,0,0.1920450968783942
1,1,0.6211031307837696
0,1,0.6769007840214661
1,0,0.25901493731796704
0,0,0.16835559086599766
0,0,0.17932556773004316
0,0,0.0947520435482349
0,0,0.12885782964358433
0,1,0.7121634807548186
1,1,0.8263001013922374
0,0,0.28462106683774496
0,0,0.4365253852308928
0,0,0.4738089269238018
0,0,0.06777029573462742
0,0,0.11083554152397533
1,0,0.4982999964008079
0,0,0.2343680629875218
0,0,0.17270552279189758
0,0,0.23264592683551927
1,1,0.8802703382927486
0,0,0.3625288574244139
0,0,0.09931165531420408
1,1,0.8188210422643282
0,1,0.64419337203157
0,0,0.04500541204502863
0,0,0.20339020445532444
0,0,0.04317146449918559
1,1,0.7633492200542428
0,0,0.24265813890606033
0,1,0.7850858000417137
0,0,0.31592013118814755
0,0,0.06683364413221625
0,0,0.17270552279189758
0,0,0.07640405653300192
0,0,0.1394220752279107
0,0,0.10278394226015557
0,0,0.3012601148064942
0,0,0.042277499842392374
0,0,0.29958126807106267
0,0,0.21631745109385833
0,0,0.1221838141670664
0,1,0.6325702950098875
0,0,0.19563111545849443
0,0,0.20718914308028405
1,1,0.6645506611307713
0,0,0.1127935620187329
0,0,0.4742070414447564
0,0,0.09481227072599212
0,1,0.5022365479598159
0,0,0.4902651121772257
0,0,0.07664617638181652
0,0,0.041814870073287616
0,0,0.4070389411957386
0,0,0.43615927575375785
0,0,0.26606825447577187
0,0,0.08790587129335506
1,1,0.5014176085714538
1,1,0.9125657801718466
0,0,0.06024376219456989
1,0,0.45682619074928993
0,0,0.09962524885789076
0,0,0.18113929373354598
0,0,0.09962444387208663
0,0,0.3211656484407612
1,1,0.5892939562705655
0,0,0.23150510618921058
0,0,0.08663709061903616
1,1,0.8337872178683221
0,0,0.17802038222112018
0,0,0.2597386778658056
0,0,0.28287836623472745
0,0,0.29813549530239797
0,0,0.08938248060483629
0,0,0.3252110409571938
1,1,0.8888947673905537
0,0,0.21265941493509571
1,1,0.6994430376390348
0,0,0.1179433859181506
0,0,0.4670235081281782
0,1,0.7721368216164848
0,0,0.25221159729266224
1,0,0.2746860409114482
0,0,0.1221838141670664
0,0,0.16399661556590986
0,1,0.5471554343462746
0,0,0.13859986122657847
0,0,0.38044235073498134
1,1,0.7065168582991076
1,1,0.8352110499335877
0,0,0.19364960762850253
0,0,0.059444281716195264
1,1,0.8344978976318923
1,1,0.9429582508086324
0,0,0.08882409000785446
0,0,0.3763329330080757
0,1,0.884749483635456
0,0,0.043081214021188044
0,0,0.21313940685606464
0,0,0.07653747331487493
1,1,0.9566621950776574
0,0,0.2484895773492335
0,0,0.06285817897773525
0,0,0.3195311804540991
0,0,0.43903861601906685
0,0,0.31595466887049384
0,0,0.07295600173992414
0,1,0.5069525447373707
0,1,0.8287821027812708
0,0,0.1391450274342141
0,0,0.05614758978303757
1,1,0.9663840238534047
0,0,0.160782685662632
0,0,0.050983635380584286
0,1,0.6625088990275227
0,0,0.0900523614946818
0,0,0.09962524885789076
0,0,0.280992518721112
0,0,0.4775401413333093
1,1,0.6779840634724004
0,0,0.384569500664536
0,0,0.2180237909256492
0,0,0.10820231258184064
1,0,0.2862232035331799
1,1,0.5417760663527763
0,1,0.724285458099095
0,1,0.5545404372477112
0,0,0.18506208122560813
0,0,0.1891616478384855
0,0,0.06172553130371767
0,0,0.1256636206983249
1,1,0.6980926480674182
0,0,0.15191920644153714
0,0,0.2697521075831824
1,1,0.6529061258318376
1,1,0.9066769482783764
0,0,0.3050002390616619
0,0,0.1399685217105241
0,0,0.07229931958613929
1,1,0.9002744463837931
0,1,0.5119644504984395
1,1,0.6341904902401582
1,1,0.9154574920040819
1,1,0.9442404696940337
1,0,0.2958748083651991
1,0,0.33906877740642666
0,0,0.2993699296198468
0,0,0.3530180736346042
0,0,0.20649818095061828
0,0,0.09657027036192951
0,0,0.04026044429180506
1,0,0.4827913015519142
0,0,0.039155776754833
0,0,0.2491112003208934
0,1,0.6219670574092281
0,0,0.2206306996387788
0,0,0.11532155132147255
0,0,0.3559113767840839
0,0,0.10122405928238926
0,0,0.24133074230782217
0,0,0.1297580292032586
1,1,0.9250437119276926
0,0,0.05472492131008574
0,0,0.2951101296554509
0,0,0.19081042908727952
0,0,0.15779047815915573
1,1,0.6856597924079988
0,0,0.03820409779070809
0,1,0.5560614899371353
0,1,0.5953635826557956
0,0,0.38594386706468314
0,0,0.3977667611340296
0,0,0.4907309721121782
1,0,0.2497228020075152
0,0,0.04026044429180506
0,1,0.5523494671850987
0,0,0.4261099475140683
0,0,0.09849708907799057
0,0,0.07651412995238589
0,0,0.0973103703835576
0,1,0.6956738861507107
0,0,0.10429563657279758
0,0,0.1854236729056231
1,0,0.30016890699094856
0,1,0.6944040670980568
0,1,0.5572178609674715
0,0,0.2725205311378927
0,0,0.47874351292542594
0,0,0.10951251064381308
0,0,0.13679489030608433
1,1,0.525073314774823
0,0,0.2250028382656127
0,0,0.14251704703233847
0,0,0.13450686617705607
0,1,0.5271238262199118
0,0,0.09302373537946582
1,1,0.5184777630175764
0,0,0.1927615566511781
0,0,0.24700388399695536
1,1,0.9145583633115975
1,1,0.7591715090959535
0,1,0.6184234752178596
0,0,0.07137370439258407
0,0,0.06668170114696538
1,1,0.9001895821522372
0,0,0.2860758452956852
0,1,0.6528535997159619
0,0,0.06942371850499666
0,0,0.24221226158377338
0,1,0.5471554343462746
0,0,0.29680895329229146
1,0,0.2804781052871024
1,1,0.9324472147077736
1,0,0.4124232601756904
0,0,0.10613455390883314
0,0,0.19615749620719797
1,0,0.45531703150960673
1,1,0.6618002903804406
0,0,0.07029036119582238
0,1,0.5811423157463244
0,0,0.03964802724427148
1,1,0.5883228079423796
1,1,0.9763956066248597
1,1,0.8601167760518056
0,0,0.13483366578477052
0,0,0.18803983823895812
0,0,0.21567085720921944
0,0,0.26193156226336645
0,0,0.12723167930486665
0,1,0.724285458099095
0,0,0.04018635100971856
1,0,0.49860457417108794
0,0,0.13936772614325976
0,0,0.3651867494798681
0,0,0.17968602728584968
0,0,0.11738550845732865
0,0,0.1952218311338688
0,0,0.2993699296198468
0,0,0.33493432229068243
0,0,0.1975549529210957
0,0,0.447310873814779
0,0,0.06912760750134136
0,1,0.6618002903804406
0,0,0.210403411303415
0,0,0.11943039316191738
0,1,0.7731550344899738
0,0,0.20231044989872174
1,1,0.8578344870376629
0,0,0.3195311804540991
1,1,0.9448593797272389
0,0,0.192962406635308
0,0,0.050049397497431224
0,0,0.14012907126543875
1,1,0.6625745228412797
0,0,0.03547445075025731
0,0,0.3608701280813569
0,0,0.289195995812212
0,0,0.11569069732141977
0,0,0.11134412226228496
0,0,0.11134412226228496
0,0,0.10395554057613754
0,0,0.3521983356664311
0,0,0.29947639034970364
0,0,0.24951159085056943
0,1,0.5377206624300463
0,0,0.2320181762664041
0,0,0.09256635395915566
0,1,0.5918948370639912
0,0,0.454292250345664
0,0,0.03902987290311155
0,0,0.12529045847309933
0,0,0.1406573511322543
0,0,0.061042235026151706
1,0,0.42903445721815925
0,0,0.04224470799089037
0,0,0.4459007206091231
1,0,0.11134412226228496
0,0,0.17570031396999922
0,0,0.1755897782588286
0,0,0.2930831500737144
1,1,0.8558408398848976
0,0,0.10113993950228185
0,0,0.3947338551947998
0,0,0.04125489967909188
0,0,0.1613496355702918
0,0,0.3267894292418004
0,0,0.12032142046803022
0,0,0.16673796807823552
1,0,0.17442065535527063
0,0,0.2362883370650258
0,0,0.05259955925429957
0,0,0.1952209403523777
0,0,0.057567140200569335
0,0,0.25436137805499465
0,0,0.16673796807823552
1,1,0.7122876163714202
0,0,0.07169417460681428
1,0,0.2928895974370007
0,0,0.3233807743908296
1,1,0.9775833808985036
0,0,0.15045102505598804
0,0,0.16455075188256096
0,0,0.20511505262017118
0,0,0.3102285245904239
0,1,0.633922496975088
0,0,0.06987236211803735
0,0,0.07664617638181652
0,0,0.07401500462875842
1,0,0.19493912063407173
0,0,0.2451736210562652
0,0,0.38425061787971737
0,0,0.35400707356508665
0,0,0.11134412226228496
0,0,0.35102432097361275
0,1,0.6683797804737815
0,0,0.3474066960980719
0,0,0.3652565342014488
0,0,0.13408044092022584
0,1,0.6590866146491117
0,0,0.13682857641731375
1,1,0.7739218932151729
0,0,0.2491112003208934
0,0,0.23225572465780633
1,1,0.864880815371938
0,1,0.6406493493858829
1,0,0.3747045696757176
0,0,0.12175706694668743
0,0,0.08943282345861285
0,0,0.16963165926576904
0,0,0.2727853209417766
0,1,0.7265835588614448
0,0,0.05390409450896389
0,0,0.3289859546988832
0,0,0.2963236311879156
1,0,0.44758778597855187
0,0,0.1912923563970769
0,1,0.6975169853971404
0,0,0.18641415896315758
0,1,0.5180705822539267
0,1,0.5079610818295424
0,0,0.25741296076343134
1,1,0.9438778870127335
0,1,0.5713159362495265
1,1,0.6184234752178596
0,0,0.24968582532711603
1,1,0.9224472235176847
1,1,0.6586438471665327
0,0,0.16202376626221815
0,0,0.316722537485011
