Actual,Predicted_Base,Probability_Base,Predicted_Improved,Probability_Improved
0,1,0.7654602311353936,1,0.9673037393506944
0,0,0.07457455345862506,0,0.01934057613338514
1,1,0.5084932243690062,0,0.23507692609020525
0,0,0.26287890321877083,0,0.07956351976651074
1,1,0.8789717465303254,1,0.9826000443728998
0,0,0.06345812961313112,0,0.00861559722680697
0,1,0.5377818702230973,0,0.31266457792073343
0,0,0.1112448099430324,0,0.026140623846065008
0,0,0.3665924656134088,0,0.2279716718848993
1,1,0.5499239615033277,1,0.7212193762127128
0,0,0.19146269249771802,0,0.08074831995496431
0,0,0.21882475236369572,0,0.06490299263659785
1,1,0.9385409744936978,1,0.9745428076300312
0,0,0.49410547501334906,1,0.5648177883863202
0,1,0.8812010977830074,1,0.9371605789369332
0,0,0.33949388897492,0,0.21959889173982913
0,0,0.44591271376668346,0,0.3346869005562307
0,0,0.3036271853237707,1,0.35686186043631873
0,0,0.43661986485874893,0,0.1423790379476255
0,0,0.21711720612351515,0,0.1376206152387224
0,1,0.6314688850178225,1,0.48429749460273946
1,1,0.740837561588862,1,0.5642729569249456
0,0,0.10023222034117428,0,0.06882980288886122
0,0,0.19553980564955423,0,0.08459440390817292
0,0,0.06334027400770935,0,0.0071024736892362295
0,0,0.4386066748786139,1,0.6931291764704938
1,1,0.9475657445879865,1,0.9932713557014367
1,1,0.8026578125747722,1,0.9694853643215724
0,0,0.11776329862738319,0,0.0657444080175837
0,0,0.19496492280028563,0,0.08987050985692102
0,0,0.30701012205808687,0,0.13773056598512046
1,1,0.8700086121775772,1,0.9086166657564082
0,0,0.43808966383442255,1,0.48820969054856556
0,1,0.9281254153753589,1,0.9930990335307988
0,0,0.44246354061385823,1,0.3441328235589991
0,0,0.09418086343143706,0,0.02684598319374789
0,0,0.18607293524866284,0,0.05645707404395606
0,0,0.41195468563310467,0,0.1619698310949815
0,0,0.17598091204575445,0,0.04795271207638455
0,0,0.10600261989670282,0,0.04562221402057962
0,1,0.5379804304467113,1,0.8877538576682792
0,0,0.3292513659715472,1,0.6696154715955179
0,0,0.4733452837764011,0,0.3023028585061324
0,1,0.6136771254331406,1,0.6988956912410016
1,0,0.4803522491692829,1,0.43706600588451167
0,0,0.20163616605679957,0,0.14366152064437698
0,0,0.13986363876662153,0,0.07430076275501525
0,1,0.5902220235181103,1,0.5740453751582382
0,0,0.128647875464718,0,0.01618703465458284
0,0,0.04973229305334375,0,0.013102923102726387
0,0,0.372533791326484,0,0.33566786612462596
0,0,0.03130624990584545,0,0.005046548402537692
1,1,0.744883380537104,1,0.9373581961075366
0,0,0.2852772582092567,0,0.3328493911952745
0,0,0.08614281279083778,0,0.014030875483474255
1,1,0.7985601918283658,1,0.9134740370784521
0,0,0.1428079776459559,0,0.05742300004440401
0,0,0.14617239309376986,0,0.042840900448464024
1,1,0.7420217540527811,1,0.9608614428391092
1,1,0.9247361644272576,1,0.8769920753965208
1,1,0.7739029782313077,1,0.8982460008702194
0,0,0.4988702883489339,1,0.6417774833203446
0,0,0.3064560720979679,0,0.07591605297464389
0,1,0.6133800100113143,1,0.5527147341394589
0,0,0.15532100940770557,0,0.029140371295970743
0,0,0.39656419903044493,0,0.3247728878413119
0,0,0.07328698993120095,0,0.02673526524674243
1,1,0.8976876576129225,1,0.9509901256510547
0,0,0.10002568757478908,0,0.024933264394242753
0,0,0.416921330589215,0,0.28747375433565947
0,0,0.06767975381974102,0,0.024411827479786305
0,0,0.18326088473885752,0,0.16158058752986207
0,0,0.07242331963360979,0,0.022483320485636945
0,0,0.0610790120616155,0,0.02313218601517406
0,0,0.48153652506389183,1,0.593038010416583
0,0,0.15068601613372,0,0.07649405799123753
0,0,0.32257211520172197,0,0.26351630599324616
1,1,0.92321687197231,1,0.9445284049573753
0,0,0.05874611155070852,0,0.0362598603479984
1,1,0.6149963787698287,1,0.6771610110484484
0,1,0.7364306352369856,1,0.8929699247077686
1,1,0.5421482035856386,1,0.6721098061031102
1,1,0.9067720014455428,1,0.9892638729330943
0,0,0.4182559382786425,0,0.24559922476459595
0,1,0.6034727410178516,1,0.3836595926732703
1,1,0.9680336757776317,1,0.9481448347015381
0,0,0.284272152348269,0,0.2738057465903942
1,0,0.22785585946779344,0,0.16964951346910265
0,0,0.2547364887751017,0,0.11603323857880439
0,1,0.6810308712821102,1,0.4058135676840784
1,1,0.6578540867861576,1,0.7431889605341794
0,0,0.3597545182308555,0,0.2667293541957305
0,0,0.44259029524737825,1,0.481177836374097
0,0,0.17800880464847302,0,0.06506086983283027
0,0,0.06607912833122298,0,0.05111544921738397
0,0,0.31621998861609635,0,0.18197914060133946
0,0,0.09729114561547623,0,0.03221499734126562
0,1,0.7558963706338568,1,0.6893978851120328
0,0,0.08532347765577598,0,0.014060223171712904
1,1,0.8301600978255386,1,0.9454026297757105
0,0,0.106134782749346,0,0.05352549765616116
0,0,0.11869061712574408,0,0.06672879156439226
1,0,0.2884822188573438,1,0.4296078340698819
0,1,0.6005231773302608,1,0.5200611791435339
0,0,0.04432220694067977,0,0.007596697650481474
0,0,0.26641774771027793,0,0.2604346511674916
0,1,0.546245974972063,1,0.4738099146888011
0,0,0.3540358827645049,0,0.1746224578310887
0,0,0.43630655504522886,0,0.13747794048965256
1,1,0.8613279587443261,1,0.9704095059258852
1,1,0.5921750513412674,1,0.5466240102669048
0,1,0.6559295162313531,1,0.9177741052858186
0,0,0.09862857795690666,0,0.04385042888265312
0,0,0.4790598145434798,0,0.19783090607758036
0,0,0.12927786969918392,0,0.1874248761579621
0,0,0.23935681638183556,0,0.1445225672819892
0,0,0.05879828166135258,0,0.01702206897431357
0,0,0.453365229948127,0,0.26514279647014016
0,0,0.19238197634622334,0,0.1872656905841069
0,0,0.10610445768121507,0,0.046311854722819616
0,0,0.11348002176200772,0,0.022765735661688446
0,0,0.4975357210618147,1,0.475213680650606
0,0,0.14610427587305524,0,0.1790649161569933
0,0,0.07968035494353984,0,0.033133048717288484
0,1,0.9886912603868431,1,0.9989634945594629
0,0,0.3268770491695995,0,0.10425739719941898
0,0,0.23449206735069825,0,0.03902471632288912
0,0,0.052620391237141115,0,0.013522506196417662
1,0,0.3303007997987915,0,0.12890160416540536
0,0,0.36082588179127145,0,0.228542177631845
1,1,0.7041438955739531,1,0.6054478510094674
0,0,0.11921381017522449,0,0.057594106534594666
1,1,0.9948721619780942,1,0.9992326160024906
0,0,0.229196187151934,0,0.07141986473280203
0,0,0.3972852442302311,1,0.5223951985394769
0,1,0.8084768961331202,1,0.7179688756113718
0,0,0.42078156712464876,0,0.30756344437192257
1,1,0.9983377445339692,1,0.9986571484832222
0,0,0.07088897064514003,0,0.03953575444778517
0,0,0.16116446698665976,0,0.06359182172850242
1,1,0.9975774669137061,1,0.9893430899844053
0,0,0.26033918588402793,1,0.39859486597327104
0,1,0.7730500844481839,1,0.8104239726723296
1,1,0.8033683152962175,1,0.9061437273319053
1,1,0.9867550401864575,1,0.8945544871139252
0,1,0.6366470467016362,1,0.7245854927331065
0,0,0.14132659420595928,0,0.04911361110245421
1,1,0.5589119271052188,0,0.3232775630311547
0,0,0.06853822259208212,0,0.018630831402452704
0,0,0.28967517042762114,0,0.3091611010315223
0,0,0.2479146728468067,0,0.0823080836068183
1,0,0.39919209322216165,1,0.4613105907255199
1,0,0.1380665980594934,0,0.04753915619648466
0,1,0.6874719072644498,1,0.9620773786619808
1,1,0.8903394837077209,1,0.946929813430499
0,0,0.09636281423959472,0,0.020833158018640996
1,1,0.8142995324164661,1,0.9511300413608743
0,1,0.537695412804264,1,0.5899754078726732
1,1,0.6445790588247492,1,0.8460193750029027
0,0,0.30633267484637033,0,0.32237246024192123
0,0,0.15054796653377656,0,0.0926246069314148
0,1,0.543556973776547,1,0.3770388702245809
0,0,0.3733895190194227,1,0.6539317161891823
0,0,0.13967292545534268,0,0.1312733904125226
0,0,0.2860831302787652,0,0.11276724836204281
1,0,0.4206153973151338,1,0.5980290992532379
0,1,0.535363496535927,1,0.6283651905348806
0,0,0.45954035416341504,1,0.4674989051759176
0,1,0.5771326677308979,1,0.6432937368164862
0,1,0.6472004851114453,1,0.5966452926238748
0,0,0.10779209120398298,0,0.034198639788147384
0,0,0.2845413811887848,1,0.3924639355705969
0,0,0.21536462331188155,0,0.154264824809914
1,0,0.46225823520928755,0,0.2513530072199006
0,1,0.5378578071943161,1,0.45575999107327514
0,0,0.26810883538167035,0,0.2959839713967921
0,0,0.12623140428808644,0,0.02080431668192518
1,0,0.22462017533997677,0,0.16375379569909299
1,1,0.5998318815657714,1,0.7733275545246981
0,0,0.10909387461130333,0,0.0832751271415785
0,0,0.3685504969568771,1,0.3655326487449302
0,0,0.10969534303776682,0,0.029264346821931655
1,1,0.9798434675417896,1,0.9983390445624085
1,0,0.08752239172102552,0,0.01411805082183926
0,0,0.2116357333600098,0,0.196800850305695
0,0,0.24960671201058215,0,0.12981702186101826
0,0,0.49516699358357746,0,0.26406444996087536
1,1,0.9881261303899537,1,0.9989140559803399
0,0,0.0487628299491037,0,0.006998008317504783
0,1,0.9016086670031515,1,0.9242815090577615
0,0,0.43863669043428577,1,0.3892746835813673
1,1,0.5027863339989508,1,0.7316667132971489
1,1,0.9307157104717698,1,0.9926592721769177
0,1,0.5504375276863749,1,0.5070881998978927
1,0,0.4089730038659335,1,0.6395345945485235
0,0,0.12784587057102134,0,0.05249741136306582
0,0,0.13867411745033015,0,0.04702970098956033
0,0,0.17503928201475244,0,0.17524534114785295
0,1,0.7132675173371278,1,0.9661859493520102
0,0,0.3806865505995735,0,0.2811776710728189
0,1,0.5705884766103166,1,0.36843321173423776
1,1,0.7097065895287298,1,0.8306460830773464
1,1,0.712899558336811,1,0.7620278260701677
1,0,0.12238507285091361,0,0.06937046337373552
0,0,0.27739011654479734,0,0.11176623426954552
0,1,0.5510581890810532,1,0.5511179307988311
1,1,0.9979963775051088,1,0.9944541583896404
0,0,0.2830422642713936,0,0.0848697748623541
0,0,0.37153944236552333,0,0.32704617925531726
0,0,0.46733414139313784,1,0.6778613195185246
0,0,0.1815378432008844,0,0.2267978487019031
1,1,0.7656822926122749,1,0.8553298469248896
0,1,0.903215747571377,1,0.9652831489503427
1,1,0.6934538694064717,1,0.6026887329082614
1,1,0.9789576663943905,1,0.9981796843513554
1,0,0.18347757847578497,0,0.06038649900602977
1,1,0.9035160463005071,1,0.8721988733949992
0,1,0.9103568639285137,1,0.989662877046198
0,0,0.039223471500341306,0,0.002924363034695048
0,0,0.25654958686522505,0,0.10254638981976655
1,1,0.8365632668812908,1,0.9733290976159885
0,0,0.10912310471407922,0,0.034479197636102556
1,1,0.9617335254887562,1,0.9906880494533215
1,1,0.6654272692551534,1,0.47141146987662524
0,0,0.032779841528786914,0,0.011522852558648811
0,0,0.25791634623179654,0,0.2313227893222302
0,0,0.3225979078382978,1,0.5291241814656112
1,0,0.17897239761158307,0,0.03689561257342712
1,1,0.8993473179957931,1,0.9249341900549414
0,1,0.5546754031900829,1,0.5294783652249352
1,1,0.9997253353484634,1,0.9996870461134926
1,0,0.12291836806194661,0,0.009976628291902124
0,1,0.6360518895014646,1,0.5904760028334326
0,0,0.20603242180644654,0,0.12811810367560617
0,1,0.7705566442081042,1,0.9064912377764558
0,0,0.1674155494720323,0,0.06243042479693673
0,1,0.5851553823847683,1,0.3446142393305976
1,1,0.8354397925547942,1,0.8908910988989639
0,1,0.7381136312618974,1,0.9320545996279525
0,0,0.1671585625773831,0,0.19249258747092296
0,0,0.47238169259511065,1,0.5617268245744206
0,1,0.5520517526287826,1,0.5588046117035002
0,1,0.6542054971814064,1,0.5915935260438446
0,0,0.22974619567893614,0,0.10331960325909936
0,0,0.09443152375355415,0,0.05706118322794783
0,1,0.6930273347968956,1,0.7191532513998229
0,0,0.09720033902494293,0,0.04399007122676511
0,0,0.1011872672562084,0,0.09195668922927695
1,1,0.9820406435151128,1,0.9982221739259136
1,0,0.31541893943944416,0,0.2968264744052584
0,0,0.2876662921976881,0,0.12781522742410098
0,1,0.6460884637793857,1,0.7320803405283384
0,0,0.23710235757668896,1,0.34181630885121833
0,0,0.2536952444477079,0,0.20321475136488074
0,0,0.21870054130390218,0,0.06940268831749673
0,0,0.10399100147381082,0,0.029091868608644496
0,0,0.0895430906361956,0,0.06269626080859207
0,0,0.1101139384942462,0,0.042824918546561966
1,1,0.8409843165482072,1,0.9370571659742876
0,1,0.6327114562765663,1,0.6781599133807669
0,0,0.12495457169074685,0,0.024738840843099158
0,0,0.30445562271986676,0,0.13424693740817148
1,1,0.7108768475403958,1,0.7908237327809603
0,0,0.12917719956298754,0,0.08020235447704328
0,0,0.18551693298530358,1,0.3751285328366792
0,1,0.8845473926240562,1,0.967936561780702
0,1,0.5507556573454266,1,0.6758883907504549
1,1,0.8254932268977501,1,0.770905571127005
0,0,0.32913645721186197,0,0.18305700826749483
0,1,0.8297686503995605,1,0.9112790414233237
1,0,0.2845367138494435,0,0.2110581926358088
0,0,0.34165962510559733,0,0.19229142363950022
0,0,0.14580739350127764,0,0.0587440270444111
0,0,0.08518384257489559,0,0.05117049024608461
0,0,0.246781991281712,0,0.07614072479341955
1,0,0.44238735363938975,0,0.2547878887225552
1,1,0.7186785576557205,1,0.7989299684005627
0,0,0.33651472587181336,0,0.10968817216376868
0,1,0.5269047161782406,1,0.43357057093037704
0,0,0.3282706145885443,0,0.12106244143108705
0,1,0.9034999395211623,1,0.9670374451943141
1,0,0.40994483517784197,0,0.3082911195905896
1,0,0.11637655842494944,0,0.10447936723293935
0,1,0.6163646794595706,1,0.5729105693786479
0,0,0.35233297566566335,1,0.6789290956769155
0,0,0.4071372938232792,0,0.13991443138638285
1,1,0.9726392018583275,1,0.9943693412191107
0,0,0.2640847806001782,0,0.10100116569108634
0,1,0.57327381574111,1,0.4602969347253418
0,0,0.38901167708022927,1,0.3759983112147644
0,0,0.10796943925860437,0,0.08310543693121152
0,0,0.2324524810919335,0,0.13711708160957767
0,0,0.1258419331354396,0,0.04537597980048808
0,1,0.5856097304421086,1,0.5355690328869788
0,0,0.05303315630005633,0,0.008343782243134815
0,0,0.3468259516867879,0,0.273376900024506
0,0,0.15556731673139598,0,0.10780363514105923
1,0,0.3848627763454361,0,0.10849178805554498
1,1,0.900375452367579,1,0.9634860687045118
0,1,0.8369710669922646,1,0.9303525208895984
0,0,0.40692956657513313,0,0.2827503721057611
0,1,0.6307638877204234,1,0.4441254541979737
0,0,0.0813911394673319,0,0.028324365028772478
0,0,0.17543725642573532,0,0.1437120465624872
0,0,0.09924257410296972,0,0.08056712229129798
0,0,0.3735852093608351,1,0.3642460886040647
0,0,0.3973375634072811,1,0.41628497877120435
0,0,0.11260921507198512,0,0.07386723455126983
0,1,0.5260588829825815,1,0.34022046553046376
0,1,0.6479194750592964,1,0.9103767893202024
1,1,0.8849786484316974,1,0.9003301177452365
1,1,0.6313427578733171,1,0.6898869183515263
0,1,0.9586965442244983,1,0.9971770946326264
0,0,0.45817795490619745,1,0.6051539530281731
0,1,0.7825206850986106,1,0.9410730951105035
1,0,0.33729834687761334,0,0.19257280346568856
0,0,0.38812396025137597,0,0.3147015497948473
0,1,0.7121208688313582,1,0.6378575703709236
0,0,0.35229735469096923,0,0.28218537796044213
0,0,0.3202561348813974,0,0.15064504349494007
1,1,0.5089108314166289,1,0.5914107835892933
0,1,0.5255875751066031,1,0.6057117656168869
0,0,0.2929019786263646,1,0.5063188923100952
0,1,0.7147483588007083,1,0.7646884922684846
0,0,0.042915444877449506,0,0.004740998253974559
0,0,0.0746617550210532,0,0.010218711059364553
0,0,0.07286446024778857,0,0.06347549935153039
0,1,0.5102350544755075,1,0.49059433338074504
0,0,0.14840287234439892,0,0.07862690223933201
0,0,0.037772219264354485,0,0.014737162762531859
0,0,0.396282689679512,0,0.16568475267609692
0,0,0.3748031977705443,0,0.19571883152402553
0,0,0.23139817008208935,0,0.17365260419190579
0,0,0.12853080710073217,0,0.059486439430651676
0,1,0.7703421122813583,1,0.7883499647119118
0,1,0.5699543854024892,1,0.6497608619074898
1,0,0.08879068623812982,0,0.018423982525666356
0,0,0.11481663661439015,0,0.07804943251518019
0,1,0.5017005490518652,0,0.2978921516976705
1,1,0.9579990778961269,1,0.9947554069519006
0,0,0.23217408741536927,0,0.10538631809340487
0,0,0.13161160352271675,0,0.060790576887519786
0,1,0.6852298233332613,1,0.6009663799017271
0,0,0.19562357490052898,0,0.14309471937555393
0,0,0.05799275987751406,0,0.018920712945252684
0,0,0.2555377172641551,0,0.25642860776264526
0,1,0.7287565569988285,1,0.9092227700508335
1,1,0.7776210047222578,1,0.9580507543360652
0,0,0.1647269280460177,0,0.04632312048511955
1,1,0.8140184627502166,1,0.804487844362278
0,0,0.1944753828652092,0,0.1929811291159697
0,1,0.5017774480411485,0,0.25540466891119584
0,0,0.1259048918082798,0,0.05054475099029771
0,0,0.24603143253947624,0,0.1462890356040294
0,0,0.46996696872359606,1,0.5800757594933005
0,0,0.25911725915876904,0,0.1800600034612655
0,0,0.24692396423022075,0,0.07571637319541419
0,0,0.06656859423405742,0,0.0159079551616098
0,0,0.09723130396384301,0,0.06532977640991076
0,0,0.14230143940743292,0,0.07636540326452525
1,1,0.6915835755540325,1,0.6731866889610932
0,0,0.03554651279742306,0,0.019042661364741323
0,0,0.15144047407063316,0,0.1587998578817392
0,0,0.18676504331321597,0,0.1038584117158675
1,0,0.4324030743449417,0,0.19984255487545996
0,0,0.06663898403489071,0,0.05133141906728374
1,1,0.6348585017061953,0,0.3290417303406574
0,0,0.05017121772254698,0,0.009715050489984507
0,0,0.12879595461664772,0,0.053082886561720416
0,0,0.06293437824962493,0,0.03190913330305029
0,0,0.04973675818279836,0,0.026503388393439704
0,0,0.03259459500046519,0,0.007091750104128021
0,1,0.7070739347165208,1,0.8042580226746971
1,1,0.8614342791254928,1,0.937207042483263
1,1,0.9248764018052218,1,0.951476374405649
1,1,0.5870924638134537,0,0.3061388108225124
0,0,0.11495018322646945,0,0.08746915616703368
0,0,0.10700609832789659,0,0.09488414127432282
0,0,0.3215009881413754,1,0.4889998753895238
0,0,0.0685725785872515,0,0.02147127188694218
0,0,0.07708719196296483,0,0.01969601472644023
0,1,0.912080533448246,1,0.9614711086686621
0,0,0.1428944811148052,0,0.07480281375794301
0,1,0.5106347258233644,0,0.32258350425603166
0,0,0.025573382571456405,0,0.006158771315762455
0,0,0.10871264014291189,0,0.07119277036829201
0,0,0.2905390732755164,0,0.24505743456221857
0,1,0.531083853125689,1,0.6109151845923306
0,0,0.1995044728952321,0,0.14801601848533213
0,1,0.5372091528958421,1,0.5531044801843125
0,0,0.1748970767113714,0,0.05605022494163687
0,0,0.05451368192334141,0,0.014141199346031866
0,0,0.41047705276652047,0,0.2746637608581472
0,0,0.3185594159020195,0,0.15653286576228367
1,1,0.791363751864379,1,0.9680615833367996
0,0,0.40887182500539987,0,0.17032521625593242
0,0,0.023858597283820587,0,0.0035651235315069417
0,0,0.31574781726864065,0,0.21657065789688343
0,1,0.7803293658307637,1,0.8661384947575994
0,0,0.06131533116068207,0,0.03703201119419902
0,1,0.8504659229542942,1,0.8155935143452964
1,1,0.7576366867822407,1,0.6639281174296868
0,0,0.3358715908918181,0,0.18587125856842673
0,1,0.5593793430384797,1,0.6000684601322042
0,0,0.1150016647972422,0,0.05535189680094933
0,0,0.04406038245542059,0,0.020975635121224488
0,0,0.38085004283918616,0,0.1311975475405092
0,1,0.9356153294800292,1,0.988590876513329
0,1,0.5552445403411612,1,0.5070469586416481
0,0,0.2378818436019176,0,0.28097744851604517
0,0,0.3477020392558361,1,0.5968913057600893
0,0,0.3713523842984653,0,0.1315229350771047
1,1,0.9733499589440572,1,0.9978583607007104
1,0,0.3589600188596131,0,0.2551680185890458
0,0,0.1271335245855701,0,0.04422307808574689
0,0,0.03278376007510627,0,0.003926137139294424
0,1,0.5592156537559437,0,0.2653992876139987
0,0,0.3663498290089315,0,0.1391735940712033
0,1,0.8827001100929173,1,0.9364569933457284
1,1,0.9104114000259983,1,0.9271824500589002
0,0,0.38412066654431193,0,0.10517254527129077
0,0,0.32040044321383393,0,0.12108387119347537
0,0,0.28656596888357244,0,0.1884469771781858
0,1,0.8254086109789901,1,0.905023731097061
1,0,0.2361318550635069,0,0.24336246757798669
0,0,0.42191213443295333,0,0.3017314011107968
0,0,0.42046073018493885,1,0.602758406690309
0,0,0.10068204539557599,0,0.04492706955237807
0,0,0.04271723972945113,0,0.008580431226716242
0,1,0.8405076896696375,1,0.9058003337412223
0,1,0.5196482487520999,0,0.3059655972823926
0,0,0.07678397231214833,0,0.036315069052811996
0,0,0.18707053256930087,0,0.04337865540387637
0,0,0.4257616334775672,1,0.5552786936116616
0,0,0.23688369822506597,0,0.18816681279433378
0,0,0.349914187594989,1,0.47441781268933286
0,0,0.18387017268308165,0,0.07856938582226393
0,0,0.056256993998754265,0,0.021907074197259513
0,1,0.7446738920640985,1,0.9437308463337363
0,1,0.6107591030133853,1,0.38406394310969916
0,1,0.5297152928727995,0,0.31822406944319104
0,0,0.343550509111056,1,0.4224285332099231
0,0,0.47964634808920714,1,0.57978404170762
0,0,0.15227358013522133,0,0.026008113303348557
0,0,0.0527457748480477,0,0.005933831965123173
0,0,0.47681606532631987,0,0.19638256067294743
0,0,0.26862073721226476,0,0.20455249845355486
0,1,0.907885743403641,1,0.946540462117422
0,0,0.2653042673776772,0,0.2995119105477808
0,0,0.23016734749863124,0,0.1422561614660017
0,0,0.49035986905701184,1,0.39998991018777336
0,0,0.03886694190849629,0,0.01657596406553728
0,0,0.08587876106021557,0,0.03410162966008176
0,0,0.35679359079223033,0,0.20758114690729018
0,0,0.12415434777264032,0,0.10492926132278477
1,0,0.19125963570440843,0,0.06937629115498851
0,0,0.08706911916296284,0,0.034739816427750016
0,0,0.29963727489221637,0,0.28728197090189006
0,0,0.40394044487239694,0,0.3255256834270069
0,0,0.10333891573341167,0,0.01832326476398855
0,0,0.3112330584083383,0,0.0787679228669834
0,0,0.049305454365530875,0,0.026356831925176735
0,0,0.0588593361644775,0,0.012293804139775886
0,1,0.651806278827024,1,0.45819896768305307
0,1,0.7965340451495831,1,0.6915810362009843
1,0,0.03632672695995752,0,0.010137018743132135
0,0,0.3059088113800983,0,0.18232553512646246
1,1,0.9802706113921191,1,0.9787539686511803
1,1,0.9546139488869793,1,0.9944349353182959
0,0,0.12687226524164225,0,0.06964368758165126
1,0,0.09802474021208739,0,0.017342993387788705
0,1,0.8713059981601342,1,0.9860160905642305
0,0,0.4206781381174463,0,0.2890603656651759
0,0,0.06895472384744947,0,0.018493057881127668
1,1,0.7628445936146401,1,0.7219501434562385
1,1,0.9220738202809692,1,0.9904714007599678
0,0,0.25311924952943426,0,0.1777400451710108
0,1,0.5967970885725815,1,0.5459247094307988
0,1,0.7995275314729854,1,0.8711444420488018
0,0,0.12591721906974024,0,0.02909482423268867
0,0,0.3471875971255928,0,0.17329214041324628
1,0,0.2722104843165637,0,0.2092569627675842
0,1,0.6476350991883484,1,0.8657779406623954
0,0,0.26264530746854314,0,0.10441455233096379
0,0,0.1301215439648921,0,0.02532053730309206
0,0,0.42757503821388976,1,0.3988346508993591
0,0,0.45305913906868295,1,0.6595033425405865
0,0,0.17165137706952302,0,0.1346152677349982
1,1,0.7534680021746831,1,0.8306896710831241
0,0,0.4606923968296036,1,0.34502168458224014
1,1,0.8354110096339479,1,0.8881614132639636
1,1,0.8662236512320931,1,0.9574027741807065
0,0,0.18637817203498697,0,0.13973439453080377
1,0,0.24676771706465658,0,0.08365746458956909
0,1,0.5204166014158331,1,0.4974912434753748
0,1,0.7942432695632826,1,0.906939608310142
1,1,0.9438133012385114,1,0.9888815888126584
0,1,0.7396158729212072,1,0.8640848829271034
0,0,0.4678649881938264,1,0.346999061817334
0,0,0.14876865891169525,0,0.0815505860677235
0,0,0.26507287458536355,0,0.2004364469484193
1,1,0.8232349107774387,1,0.91410787080479
0,0,0.1338183435821061,0,0.07520675103385029
0,0,0.3684146516085469,0,0.1947431416560663
0,0,0.05367444573500638,0,0.018151130407869316
0,0,0.24215336163235635,0,0.09187755533248225
0,0,0.03184399226726536,0,0.008268713291192916
0,0,0.4602555024979098,1,0.34526417924916825
1,0,0.42930360560919273,1,0.7805794968986114
0,1,0.6594236430899113,1,0.609958808095651
1,1,0.6727834178297623,1,0.47032235623628327
0,0,0.3735099033693189,1,0.64359457997997
0,0,0.4169241346611275,0,0.19440985414393872
0,0,0.08759676995559958,0,0.026836766997845127
1,1,0.9992559945385674,1,0.9973319424532945
0,0,0.2589730963208528,0,0.0653582097949807
1,1,0.9280465915930826,1,0.9020238294977919
0,0,0.2442791452996981,0,0.08603326682972125
1,1,0.5687701577457193,1,0.6102910323597853
0,1,0.6189857834380161,1,0.8529786437933018
0,1,0.5087348169140123,1,0.4716468208585352
1,0,0.15349163227474275,0,0.15751988722694482
0,0,0.09938366007505636,0,0.03736618824254747
0,0,0.4975047682239094,1,0.4722888145253102
0,0,0.29507029659982936,0,0.3195438527333359
0,0,0.47431054944118417,1,0.7081438074713554
0,0,0.4962264217906405,0,0.3283102034059583
0,0,0.18818217883796648,0,0.108210187308745
0,0,0.3138056842618061,0,0.20960181705701025
0,0,0.3409602601767793,0,0.30479822144257823
0,0,0.3248017446383756,0,0.29655983277386294
0,0,0.05500253319138253,0,0.029726182446239518
0,0,0.03388429319768417,0,0.007238945392043414
0,0,0.42574492332173103,1,0.6029245520935468
0,1,0.7157015167970795,1,0.5732391281965202
0,1,0.5384450260526402,0,0.3041425999814416
0,0,0.06520350517700493,0,0.05946184331321613
0,0,0.13953053434792131,0,0.11634702259534177
0,1,0.9085623863889858,1,0.9909418929913789
0,0,0.27129014094340836,0,0.06712196705881034
0,0,0.08232497041617888,0,0.025527786774837243
1,1,0.5460965083421528,1,0.8604754551989934
0,0,0.20817738211579975,0,0.0645019726093498
0,0,0.11361302827411483,0,0.1142388259122317
0,0,0.08353945788695397,0,0.028996565921445786
1,1,0.9577496267447123,1,0.9929095078307738
1,1,0.9789956631783617,1,0.9755772184277615
0,1,0.6489329410039963,1,0.6591780524886559
0,0,0.40404249829035416,0,0.3394095649905634
0,0,0.10242904514596606,0,0.053380888812576674
0,0,0.1290097581153066,0,0.09261538111061525
1,1,0.8633752900134629,1,0.9168582765897397
1,0,0.42499789756010287,1,0.6509658601186369
0,0,0.07043515133162612,0,0.08506643496684053
1,1,0.9386563331500998,1,0.9808796844575294
0,0,0.2495360790702524,0,0.16304267444609036
0,0,0.2904421339457077,0,0.19275001750117718
0,0,0.30330385054640846,0,0.19307494402413578
0,0,0.10589590338123625,0,0.04533489252028074
0,0,0.18105358517735085,0,0.11460731963051234
0,0,0.26967286510790384,0,0.26564465791251257
0,0,0.12782303528814748,0,0.10871735612734525
0,0,0.09998298234560232,0,0.07823403133479448
1,1,0.829469300871979,1,0.8505015938595838
1,1,0.9840078624567761,1,0.9981686628622891
0,0,0.4402426505732172,0,0.2274532052102683
0,0,0.2006656698284048,0,0.14550574420714643
0,0,0.06243013760770354,0,0.012989340319818382
0,0,0.09252079602669876,0,0.041383470322235875
0,1,0.5971521254641986,1,0.8074737205602022
0,0,0.17938475987369892,0,0.03161904584930124
0,1,0.5899088891954389,1,0.5489151012229959
0,0,0.26421994518750475,0,0.07618276933245148
0,0,0.3460112311976947,1,0.34645172379622513
0,1,0.5785019186897559,1,0.9172532549844796
0,0,0.4209232805444035,1,0.5175608702895753
0,0,0.2264989904949591,0,0.161159743874666
0,0,0.357046274785725,1,0.46869923399581087
0,1,0.5325443051920244,1,0.4552596767009558
0,0,0.11104632473978387,0,0.03104902943281299
0,0,0.33487414755573963,0,0.26202585329091577
1,0,0.30672285895793444,0,0.1491647928690271
0,0,0.08580127607159523,0,0.021679706864102467
0,0,0.07080515205900899,0,0.03480085241460072
0,1,0.7199707753945989,1,0.9614964947799234
0,0,0.07895431492963062,0,0.033817377781037584
0,0,0.24387722591145483,0,0.19154151692890037
0,1,0.5322671171682364,1,0.7713255179279459
0,0,0.4322624226853427,0,0.2587988474338738
0,0,0.3411703288284261,1,0.45811788081472316
0,0,0.22336266253084014,0,0.18092708951008107
0,0,0.178112802730984,0,0.07706225997638994
0,0,0.2793616337347297,0,0.18742682731971594
0,0,0.3488035469763815,1,0.576220881081193
0,0,0.30260314828602436,0,0.22477065574495037
0,1,0.6887033652785325,1,0.6766519302986103
0,1,0.6763963284191018,1,0.8565727174593262
0,1,0.5828044458282472,1,0.6023676140912458
0,1,0.8333480635646582,1,0.8734123360588267
0,0,0.40925188556618947,0,0.1951635012327973
1,0,0.10051312111756748,0,0.04463786570619134
0,0,0.059330898442517835,0,0.015025774026431135
0,0,0.07226133150732023,0,0.014445837301432585
0,1,0.6058695030502946,1,0.592262290327945
0,0,0.206991984713648,0,0.16185842921659338
1,0,0.1299326000799426,0,0.016647468568832747
0,0,0.3712832093063703,0,0.2396242201533589
0,0,0.1040616979386924,0,0.0452248526435069
0,0,0.4266980418653782,1,0.8360698788887171
0,1,0.79641195535368,1,0.9239594299737871
0,0,0.04970074997405374,0,0.014697721163824229
0,0,0.38743373472723674,1,0.4963444245735955
0,0,0.1157445304694458,0,0.04784335827187048
0,0,0.35842184637322094,1,0.4757303222473253
0,1,0.5804398804356432,1,0.534563891965655
0,0,0.028067905229658446,0,0.008414737238419706
0,0,0.47758058570654,1,0.4986910922914384
0,0,0.44573105479460445,0,0.30609355620641576
0,0,0.02801213776065103,0,0.00404503763381661
0,1,0.8594595262463993,1,0.8996261119663099
0,0,0.17897823986679892,0,0.0438505340892713
0,0,0.020814851841160376,0,0.004360417915686533
0,0,0.4683948211289023,1,0.6595862196506393
1,0,0.26481192599595865,0,0.2626978400088922
0,1,0.5344805578112042,0,0.170826172287743
1,1,0.9081197745944796,1,0.9191114302639677
0,0,0.13371682654555372,0,0.046333518667532506
0,1,0.8473253062713311,1,0.8822981097926509
1,1,0.9449852809875112,1,0.9875735104739274
0,0,0.1596528366818794,0,0.06073629232005505
0,1,0.5416951824471778,1,0.47044061155885064
0,0,0.49714541838133897,0,0.29694784526687296
0,1,0.9076465573307565,1,0.9666296573083724
1,0,0.35602519525260273,0,0.19899491792885168
0,0,0.37553836692085957,0,0.20658660833352027
0,0,0.08091221181817723,0,0.02399892967573151
0,0,0.08640285191474648,0,0.029589158138611533
0,0,0.1133590587768668,0,0.033312307118454156
0,0,0.11799974456470659,0,0.02089602420355994
0,0,0.17845808631215612,0,0.033408163018054896
1,1,0.9861229510384053,1,0.9985288828330121
1,1,0.6068374680752228,1,0.8726743180050393
0,0,0.14451751504472743,0,0.1523756715971422
1,1,0.9532446952526701,1,0.9669316008201302
0,0,0.21650235689885197,0,0.2278321486328077
0,1,0.806684481677589,1,0.8961451039271324
0,0,0.3101985729712191,0,0.050268243739707605
0,0,0.25295514537379354,0,0.17678006716225378
0,1,0.8168358514134163,1,0.9413259753596246
0,0,0.15799754054182466,0,0.03246364735154428
0,0,0.09020506200157567,0,0.0353432221105606
0,0,0.3866869379550462,0,0.16875723359947353
0,0,0.4597083647173307,0,0.2311025725539881
1,0,0.39323143668367766,0,0.09748174064028313
1,1,0.8382773163837453,1,0.9301656446935221
0,1,0.7433112121669517,1,0.9612675883908608
0,0,0.18271949740431728,0,0.06778324627295997
0,0,0.03504045338297917,0,0.008665975596082894
0,0,0.12027609274998537,0,0.10497786471914226
1,1,0.9985725412052426,1,0.9994770070025782
0,0,0.39066026928457454,0,0.16367905518299333
0,1,0.697260349711904,1,0.48213143469372566
0,0,0.30811679178688,1,0.6837244393297252
0,1,0.7982255122222462,1,0.8061898160471974
0,0,0.36416384877992136,1,0.3636198673534854
0,0,0.32882525525988215,0,0.21936995099248316
1,1,0.9187672723740175,1,0.9554949225652568
0,0,0.27113692106182136,0,0.16164198096093718
0,0,0.035020067040653226,0,0.007362887338258983
0,0,0.21315184347868218,0,0.13170421180908842
0,0,0.3782171646751187,0,0.32985746868397564
0,0,0.17852952489075316,0,0.0739324776265056
0,1,0.97180215722062,1,0.9975820245304275
0,0,0.14197208599743605,0,0.15593152571874727
0,0,0.25610058588544765,0,0.08961795171542145
1,1,0.582282210729305,1,0.8856509364990541
0,0,0.30862557039299554,1,0.35930131303975815
0,0,0.08577864580171732,0,0.02169244363160441
0,0,0.3629789184707064,0,0.2852652278782168
0,1,0.5035600832026588,1,0.43609198027418805
0,0,0.18162275079339707,0,0.18117679352255397
0,0,0.15195579160473174,0,0.029190556784498597
0,0,0.3619267269934445,0,0.25069079305756314
1,0,0.09983850702452456,0,0.044830157211176884
0,0,0.08333510570850995,0,0.03822063969962296
0,0,0.015637567751970845,0,0.0037025576794447227
0,1,0.669617390580909,1,0.8407546144720404
0,1,0.6271565163831687,1,0.5701198652333995
0,0,0.08719465881780399,0,0.046061827484204614
0,1,0.7986627996299381,1,0.982848627551318
0,0,0.4023566349007464,1,0.3975943423105995
0,0,0.258094668388634,0,0.15049215760212006
0,0,0.27724128425023525,1,0.4177284297398263
0,0,0.34746983340858567,0,0.19780147462638942
0,0,0.4836957746162691,0,0.30498132487915486
1,0,0.3323308660972683,1,0.6308030881824743
0,0,0.45310640353214143,0,0.26217229746660775
1,1,0.8977251625717867,1,0.9778552986041696
0,0,0.22395569438144328,0,0.3168009844257097
0,0,0.06122480737824179,0,0.025343752093593946
1,1,0.7902951166223521,1,0.8041783591881408
0,1,0.6238079228673323,1,0.5262707304282023
0,0,0.32827993096601027,1,0.41323725378789616
0,0,0.04940102248933722,0,0.014736171666127677
1,1,0.8036907518950532,1,0.9845334936771696
0,1,0.6531055356131579,1,0.4963955612168424
0,0,0.04352248676827212,0,0.007750006325314814
0,0,0.1136106449952761,0,0.034642720306632166
0,0,0.09981668807618468,0,0.026835959631082398
0,0,0.037364443251262376,0,0.01461185330772206
0,0,0.10273443199729526,0,0.027685387127547006
0,1,0.5691542931963424,1,0.4329385443981706
1,0,0.06395350828386318,0,0.014639039855317117
0,0,0.08512986156511321,0,0.053455632711680655
0,0,0.03434381040760918,0,0.007129206674111805
1,1,0.9228949438467312,1,0.9507596145339104
0,0,0.16560168706960973,0,0.06290414171577897
0,1,0.5771446147980919,1,0.6280161047434086
0,0,0.2071195665554748,0,0.06290491687743859
0,0,0.36510053819840627,0,0.15055083157766064
0,0,0.02183473925891938,0,0.002533315967625842
0,1,0.7623862828469028,1,0.6246507744360252
1,1,0.9499193476182352,1,0.9903254688213247
0,1,0.599190770692739,1,0.7449158744030632
0,1,0.6628475206042905,1,0.6610589416927858
0,0,0.21204186145049592,0,0.15317733347966442
1,1,0.7424562142593855,1,0.7225921107753331
1,0,0.23605227551520686,0,0.11264948594405352
1,0,0.4777378925727055,1,0.682225888988372
0,1,0.6723234806769477,1,0.550450871742148
0,0,0.21677474535043212,0,0.07532733406163075
0,0,0.3645089365155695,1,0.6818076458187523
1,1,0.6796185472279046,1,0.9536084880003836
0,0,0.32813280275260354,1,0.4114454504297015
0,0,0.2400988915903254,0,0.054634802922620615
0,0,0.13528822170467755,0,0.13061470481378862
0,0,0.0646365228765729,0,0.023822777143116165
0,0,0.263849651479906,0,0.25866843782332666
0,1,0.8245454059459258,1,0.8140603800919873
0,0,0.1315058888728073,0,0.0531889848421655
0,0,0.266260759114837,0,0.1499345407615924
1,0,0.28522321248374444,0,0.16377858108181154
0,1,0.8789795398215241,1,0.8820698257863928
1,1,0.9840488799066793,1,0.9986694617018144
0,1,0.8256137141177375,1,0.8680924220323966
1,0,0.18288913271151436,0,0.07630851984336419
0,1,0.6888771234426213,1,0.7503601206645025
0,1,0.5113459588497395,1,0.3618110342902552
0,0,0.2858118539232016,0,0.2152828301125205
0,0,0.17737617764172678,0,0.07628037711487848
1,0,0.2917470493485593,0,0.13008482619549042
0,0,0.1470259997559998,0,0.05517697519534427
1,0,0.1036326859242957,0,0.1673661463537643
1,0,0.12672656545419628,0,0.06075964384740217
0,0,0.1778549592594399,0,0.1325579229206777
0,1,0.9341420685333698,1,0.984252375936002
0,0,0.3205155046921217,0,0.10680160588514664
0,0,0.22221253593060428,0,0.049729055237369736
0,1,0.6063104534510693,1,0.5413788799474194
0,0,0.14272190054244804,0,0.08764110676358305
0,0,0.3676621012215658,0,0.32820591594959675
1,0,0.22469948480599666,0,0.24030805126525107
1,1,0.7422362280524146,1,0.6925646560221466
1,1,0.6923912918296395,1,0.6555827151719313
0,0,0.12156385504192734,0,0.05096610768888156
0,1,0.9203056658039058,1,0.9816325470322315
0,0,0.0189879508925739,0,0.007850401141063187
1,1,0.9621119440106952,1,0.9972997281610843
0,1,0.7698542059513502,1,0.7293039672604161
0,1,0.5070220037441292,0,0.28479752676793024
0,0,0.3482708220816885,1,0.5969743160805764
0,0,0.45122990139062746,0,0.21008758428384167
0,1,0.7128349066703334,1,0.5621578168644641
1,0,0.45492172714701207,1,0.5418848599547298
1,1,0.619912063062875,1,0.6509857490970916
0,0,0.07613663390297885,0,0.03616551014480072
0,0,0.07142709854751517,0,0.018637223731143866
0,0,0.1389789870109861,0,0.0353790199855579
0,0,0.35748729477806024,0,0.19441733122585164
1,0,0.10308617672400353,0,0.013596993852534359
0,1,0.5675405017037302,1,0.6551171794470684
0,0,0.11737177571144017,0,0.017064753489463225
0,0,0.052228712770793356,0,0.012625687192897778
0,0,0.07061865886671105,0,0.034772744711923126
0,1,0.6083100700907852,1,0.5045448600253827
0,0,0.29851062941005285,0,0.1457131808230905
0,0,0.3086540180884253,0,0.18910703308983517
0,0,0.30837863674864036,0,0.2696441936114237
0,0,0.16341722320786886,0,0.14766380969092127
0,0,0.07885011060227204,0,0.015292687813182876
0,1,0.6891220170421061,1,0.6485657310797396
1,0,0.4563304851921843,0,0.2216155660054761
0,0,0.4085516109715376,1,0.35894052168022855
1,1,0.9999243580038416,1,0.999951096724436
0,0,0.0942301801477506,0,0.04827845493925101
0,0,0.0667355876664663,0,0.01544838141303061
0,0,0.06020652605736634,0,0.017174293251137215
1,0,0.08497892585225361,0,0.024705381062808528
0,1,0.6320871747379008,1,0.4116371931654392
0,0,0.0842961975684226,0,0.036054837341572096
1,1,0.7553800630374502,1,0.9117726616453056
0,0,0.06283574229920055,0,0.03733193152335637
0,0,0.11882642579833126,0,0.06741193753792223
0,0,0.12016045354303596,0,0.042944193967258626
0,0,0.30556477533817733,1,0.5168666959019749
0,1,0.8087836730822348,1,0.9268291718806327
0,0,0.09091915037911819,0,0.02635115629104767
0,1,0.7860312343936315,1,0.9017079414752751
0,1,0.6846055217748903,1,0.7063364196705244
0,0,0.4007902687281181,0,0.33421641313602396
1,1,0.9647411214806153,1,0.9841288033661277
0,0,0.19869372562078316,0,0.13843902979172748
0,0,0.0631874493014126,0,0.026655325190699256
1,0,0.30910595923958417,0,0.11678068999663764
0,0,0.37592242704579343,0,0.2848647185788737
0,0,0.20769534372646858,0,0.12583708618733835
0,0,0.2525701113955064,0,0.1677665917064588
0,1,0.7082582715442622,1,0.6160430499735239
0,0,0.3890105804917277,0,0.3079241996071586
0,0,0.07270521702120311,0,0.01191409240685239
0,1,0.6762538495135862,1,0.6001874635931135
1,1,0.7981064063408594,1,0.8764386382667457
0,0,0.0773648942904874,0,0.020488624095720998
0,0,0.40953602259541566,0,0.19095390606213242
0,0,0.23954738544614768,0,0.07485898357373764
0,1,0.5315916167969675,1,0.38596438203572236
0,0,0.22053332106080936,0,0.04287802440126983
0,1,0.6420812391276102,1,0.9574388124948849
1,1,0.85250078760393,1,0.9103471441158483
0,1,0.8228074158063567,1,0.7988239997402791
0,1,0.8878556745753539,1,0.9244647615021105
0,1,0.5066224490129386,1,0.5401775767835543
1,0,0.33663005811814983,0,0.2696588106026954
0,0,0.09006685153840681,0,0.07502108078730636
1,1,0.8906926087151084,1,0.9173386544187828
0,0,0.11668569244079519,0,0.057786419621241314
0,0,0.2016686385808477,1,0.3585304067008805
0,0,0.02437875853340878,0,0.009180975268074007
0,1,0.6395483452074778,1,0.7313337392287569
0,1,0.6024147044520671,1,0.461337747450397
0,0,0.1937423843049557,0,0.07381386309138563
0,1,0.7509036212299389,1,0.7183546087229212
0,1,0.5225948036351941,0,0.3029641621692639
0,0,0.07674094133012663,0,0.07618453876399818
0,1,0.6508985579725837,1,0.37527047304797356
1,1,0.790094452199849,1,0.7816499186845366
0,1,0.7187951159630512,1,0.6268043463966831
0,1,0.5246293423877086,0,0.18244367346067322
1,1,0.7779045732409703,1,0.9684408267404621
0,0,0.09352949316736457,0,0.05581135748553717
0,1,0.5527965709819824,1,0.49811510895465233
0,0,0.2705364717174441,0,0.20147641015177623
0,0,0.14508297789965058,0,0.05635805288298414
0,1,0.7123468466576633,1,0.9494982726137464
0,0,0.15669955690024256,0,0.04489956313968317
0,0,0.05897189913956577,0,0.0070103353768291065
0,0,0.07706798952414404,0,0.010807201390395734
1,1,0.7786451632672139,1,0.8852460431312538
1,0,0.2122216646042614,0,0.13341250227895815
0,1,0.7926522968404877,1,0.9769798706126469
0,0,0.1894183948393474,0,0.14416637498081808
1,0,0.07719533178679604,0,0.010449483812927346
0,1,0.8157101777709765,1,0.9853409070112504
0,0,0.07511522028177081,0,0.036091509404522756
0,0,0.23562681279847303,0,0.21616078210761494
1,1,0.9328304888354287,1,0.9940820941182626
0,0,0.10121194896339378,0,0.015484016889236507
0,0,0.08481682590844819,0,0.008557410185625924
0,0,0.26484152466547983,0,0.15614665639468606
0,0,0.10186682110785347,0,0.033927584959819804
0,1,0.6396142922589552,1,0.7179983760802682
1,1,0.6911876470013286,1,0.6399416124283202
0,0,0.043687786278201364,0,0.006317567822830656
0,0,0.49656195414015275,1,0.5288303026785482
0,0,0.3058249864723638,1,0.5249795446280078
0,0,0.37514861172594566,0,0.13367302110924764
1,1,0.9913580772340255,1,0.9994934848158326
0,1,0.6570206003408959,1,0.5706921542174028
0,0,0.33731680835316474,0,0.1745112737936696
0,0,0.07891918402803298,0,0.0201117108806067
0,0,0.0877186948988479,0,0.05474091960592388
0,1,0.5126055602894118,1,0.3712511422981308
1,1,0.8627078721042092,1,0.9393279370606519
0,0,0.25935455995182205,0,0.08298760253450281
0,0,0.10817280036213367,0,0.05483188463033861
1,1,0.5421951980489566,0,0.2505573664643218
0,1,0.6952243977300058,1,0.8242334281257082
0,0,0.04781002873071424,0,0.00916431593739773
0,0,0.1348320760489908,0,0.053911529745764686
0,0,0.2931568743627677,1,0.3509401700599674
0,1,0.5203185052850616,1,0.39716324673412173
1,1,0.8027786769401967,1,0.7524226974253013
0,0,0.3604218523929427,0,0.12733974819981245
0,0,0.28616168529626856,0,0.12841112237066044
0,0,0.28118187150133583,0,0.3079312931456799
0,0,0.4769807935026679,1,0.46415750867008465
0,0,0.47697045910644054,1,0.3901092051849613
0,0,0.38984482382550817,1,0.4163283773577957
0,0,0.21486929652136846,0,0.1778863602208413
0,1,0.7279427465127115,1,0.9716851866488387
0,0,0.17858096531072734,0,0.02430176616823648
0,1,0.7356886843894619,1,0.9416485873815459
0,1,0.9603490658297765,1,0.9865467721533488
0,1,0.8600163033251017,1,0.87088103832449
1,0,0.31299639358469294,1,0.37606109348084815
1,1,0.7798156446706093,1,0.870961941744833
0,1,0.6701973392821905,1,0.7859108134996549
1,1,0.5544737036051406,1,0.5667721809076737
0,0,0.09109958135518433,0,0.035991054339170804
0,0,0.19606464952714045,0,0.08201443930734655
0,0,0.1475319568409815,0,0.17720108006162885
1,0,0.15213643395188103,0,0.12518504131106867
0,0,0.45620929282829625,1,0.4128579611578511
1,1,0.9280050273718004,1,0.984362272678908
0,1,0.5904434217237918,1,0.6719020092331274
1,1,0.9299735663339422,1,0.9828833618211664
0,0,0.043393468952567626,0,0.01361086362584957
0,0,0.12690412659560385,0,0.05933958764350165
1,1,0.9202686711167787,1,0.9413438029988492
1,1,0.9990742169401619,1,0.9984227793131134
0,0,0.283205374608276,0,0.061253703142923166
0,0,0.13578689776027528,0,0.10082728004759106
0,0,0.18599553063017102,0,0.2392517032398062
0,0,0.07598103598936405,0,0.027288104436656233
0,0,0.10163562932660619,0,0.03320284429512814
0,0,0.3461360453637539,0,0.07283324768779433
0,0,0.2699010629661799,0,0.23655013481115006
0,0,0.075436182031208,0,0.026150422783715637
0,0,0.4395414667728939,0,0.3277545074296683
0,0,0.20650018482662144,0,0.2880981328184121
1,1,0.703772024728112,1,0.8420322915785484
0,1,0.6031244282452976,1,0.5364842933706953
0,1,0.9325921448224507,1,0.9859990746865499
0,0,0.13291690207991577,0,0.04840658867365665
0,1,0.6824161627586376,1,0.6045261315801722
0,0,0.07253989157378492,0,0.04873197052342442
0,0,0.110236794142896,0,0.07279848254760735
0,1,0.8101751903874053,1,0.9090191574597307
0,0,0.43329784870941823,0,0.2994768135420077
0,0,0.05442992007403358,0,0.015523643045595907
0,0,0.07576797023216632,0,0.042443584682732606
0,0,0.3672329138807451,0,0.3183980269369912
0,0,0.48872162132819696,1,0.44625680077176255
1,1,0.5350577946269538,0,0.11794362389309151
0,1,0.5998750591626106,0,0.2722074117235643
1,1,0.7464940857283747,1,0.9336986018837796
0,0,0.09667461748320645,0,0.031237225993133676
1,0,0.395625036092886,0,0.3214622666119052
0,1,0.7983726304304657,1,0.852913432893662
0,0,0.32328527452234473,0,0.1745180954950451
0,1,0.5159847070525536,0,0.33195467387866673
0,0,0.29355739510644807,0,0.31454912933361817
0,0,0.2948569785473132,0,0.2534250421061857
0,0,0.09512256012878804,0,0.13772126038816418
0,0,0.47646817001950403,0,0.2752127442926363
0,0,0.21147577890191854,0,0.28570939084943475
0,1,0.7621277264129651,1,0.9684399713447409
1,1,0.8627543517907171,1,0.91710815373995
1,1,0.9702001676782819,1,0.9979910825199783
0,0,0.21197996298669616,0,0.1332348108425723
0,0,0.03239045075266834,0,0.004596087802862727
0,0,0.4660573432229843,0,0.2002049404217981
1,1,0.9026457519713412,1,0.9424178856245843
1,0,0.11032671024180318,0,0.06424342875789348
1,1,0.700692834612915,1,0.9706233002831965
0,1,0.5750506728749502,1,0.7868621916313567
0,1,0.581285765529028,1,0.6453928537736155
0,0,0.24776716742684127,0,0.12763183418428153
0,0,0.30768294396119217,1,0.36259179289317284
0,0,0.13261601045679183,0,0.043263936527620284
0,0,0.08241044669170931,0,0.03948963739797267
0,0,0.0819575225235893,0,0.0377966272648268
0,0,0.04157250020528384,0,0.027982537775173368
0,1,0.8949597417497839,1,0.9916102007953674
0,0,0.14830193336067699,0,0.13539646101764735
0,0,0.3717922047380873,0,0.2895726012256887
0,1,0.545863985624537,1,0.5887560074953563
1,0,0.2439483211869426,0,0.2576489650063058
0,0,0.021645814594645207,0,0.002517034218791138
1,1,0.6366200551382696,1,0.5997168911021381
0,1,0.5993728659738246,1,0.9205574179867173
0,0,0.13190553019129864,0,0.18947704059865428
0,0,0.4782020498093091,1,0.501899868702614
1,1,0.9606359935158747,1,0.9953868046697094
0,0,0.3861970026610021,0,0.29500637411939773
0,0,0.25134997542213633,1,0.3577054228042962
0,0,0.03929564972799409,0,0.015009529212254236
0,0,0.3071032750160712,1,0.3584241924445477
0,0,0.0482825593095695,0,0.020023505549371805
1,1,0.8123540747987925,1,0.9725650237451706
0,0,0.2280728024356011,0,0.029408903005340985
0,0,0.25065413222198146,0,0.08657425195684912
0,1,0.8987717760572331,1,0.9723035691691667
0,0,0.05702674718576801,0,0.0467799659893602
0,0,0.29092782166029046,0,0.13450989786147347
0,0,0.2902504805549482,1,0.44811726596683493
0,0,0.38601026049234327,1,0.417114533820124
0,0,0.2230078156633505,1,0.37113772836312275
0,0,0.1112140362379773,0,0.034911713296013516
0,0,0.2540840878068258,0,0.11624415940351164
1,1,0.9387935346584798,1,0.9735966228265919
0,0,0.0168372289357768,0,0.005308937169924455
0,0,0.294386637051308,0,0.05996661278459076
0,1,0.7852631323583323,1,0.8209903150937067
0,0,0.14773973247455333,0,0.06630000519149165
0,0,0.35857642507404186,0,0.06205203955418303
0,0,0.11575319601603695,0,0.035559002551069925
0,0,0.3503519348277382,1,0.3842731572906388
0,1,0.8106650539057725,1,0.9785467736351802
1,1,0.8795566040122001,1,0.9522292533636848
0,1,0.5537834911183227,1,0.601784379837802
0,1,0.6442272790164553,1,0.5330924107856119
0,0,0.23184828490683107,0,0.12355733564205006
0,1,0.527776626314991,1,0.6659252828301759
1,1,0.9214157073501948,1,0.977683837573557
0,1,0.7779709013260011,1,0.8674970695482326
1,1,0.9218867401438993,1,0.8128830740466112
0,0,0.19338345706854715,0,0.09437785201396037
0,0,0.1041086025742264,0,0.16686398922354087
1,1,0.7741378942382051,1,0.3985249019075299
0,0,0.43128036353381605,0,0.24842979243227953
1,1,0.6658735879044564,1,0.7919796529247738
0,0,0.2641064022645739,0,0.2119404169530507
0,0,0.4514161791155012,1,0.37912876487789715
0,1,0.5618178130182744,1,0.6785303700242166
0,1,0.647265339038898,1,0.4483654473224128
1,1,0.8298609678379517,1,0.8670267997759661
1,1,0.6388521155306075,1,0.7268735002277306
0,0,0.2428368131893863,0,0.06400910529138791
0,0,0.10999690061108308,0,0.17241385464042056
0,1,0.5511533952004988,1,0.3658972930966845
0,0,0.19989891156852876,0,0.09771595497476072
0,0,0.20143792348588685,0,0.18592526344791538
0,0,0.44976604088365485,0,0.26310948318813965
0,1,0.8142873161109568,1,0.9847436456777
0,0,0.10832737778134226,0,0.03929006515903608
0,0,0.2498111726165017,0,0.04920976372678766
1,1,0.6790409440162589,1,0.40830543305041705
0,0,0.2922139353956749,0,0.19387453354402334
0,0,0.16282313730446446,0,0.12934892177861476
0,0,0.11158710540750354,0,0.1500931116545355
0,0,0.457724769836121,1,0.49873883631899807
1,1,0.6882735186168141,1,0.7683001053334865
1,1,0.7807207967755014,1,0.8680012631878098
0,1,0.5640375634679555,1,0.3785141695431464
0,0,0.20957106132597655,0,0.06381973804794797
0,0,0.04621407653994914,0,0.012020121821175801
0,0,0.1673079592201553,0,0.053934212887543596
0,0,0.11710216564977442,0,0.02374302593601934
1,1,0.688394533296169,1,0.6900218374863495
0,0,0.4767316822383343,1,0.43955042554558565
0,1,0.632773963057237,1,0.4822237724243902
0,1,0.7378913090359756,1,0.6357632132279775
0,0,0.45726906604153134,0,0.209234290399014
1,1,0.6397218084355646,1,0.9389561713638952
1,1,0.9990657227506974,1,0.9978279124183349
0,1,0.5010917345323131,1,0.4930361714537747
1,0,0.47679927544462336,1,0.4885496166213054
0,0,0.24727796320311862,1,0.35745267210546666
0,1,0.6712151411754176,1,0.36633042364316054
0,0,0.3204742776068227,0,0.05965426796908248
0,0,0.21039803352159314,0,0.13331820505731612
0,1,0.7354236370906145,1,0.8132542496768502
0,0,0.1425515431666093,0,0.05698686360550734
1,0,0.36891049196719033,1,0.3907941692742608
1,1,0.976677654735275,1,0.9958221786694249
0,0,0.02429041951118955,0,0.004964136293162311
0,0,0.11612034797021786,0,0.062008577583716244
0,1,0.6282918127170332,1,0.47233264032514305
0,0,0.15353278005753776,0,0.03192081084247024
0,0,0.08939640271146107,0,0.05318489634672646
1,0,0.3992340135041108,1,0.34874877938308113
0,0,0.16168569736161675,0,0.1302915053175968
0,0,0.48901745366907984,0,0.15806554370964185
0,1,0.7383566826552975,1,0.619540973373385
0,1,0.5081784547635122,1,0.7629308229790881
0,1,0.7186549548433439,1,0.9515682907912969
0,0,0.4508277380223717,0,0.2515833676221714
0,0,0.29599274019843735,0,0.2522176107833957
1,1,0.9361460105333934,1,0.9774623988591601
1,1,0.6097435125715639,1,0.7383811637948035
0,1,0.8673522455846292,1,0.8713177094878826
0,0,0.339408005061383,1,0.6235045359369085
0,0,0.04372814438118587,0,0.01892744038160466
0,1,0.7860783188112674,1,0.854782400222147
0,0,0.10865542392434552,0,0.023816803397402556
0,0,0.0777711192267092,0,0.027695357270084504
0,0,0.1519863858189507,0,0.04040736795032811
0,0,0.20021108162750287,0,0.034954033726085965
0,0,0.06117772271742266,0,0.023994993866349845
0,0,0.4303473400024084,1,0.48612512477120545
1,1,0.685146712234091,1,0.8266377910344264
1,1,0.6975200050198087,1,0.7747738987450117
0,0,0.22495520426890048,0,0.07476489090532042
0,0,0.228624681896941,1,0.3416754208571392
0,0,0.14595160296754361,0,0.08815345830515588
1,0,0.053037897791422574,0,0.009929824803128639
0,0,0.36911386228087445,1,0.3957264356090894
0,0,0.029328222204766784,0,0.009115302187633829
1,1,0.6596887477722019,1,0.6996844516342781
0,0,0.21246804483182147,0,0.2919940470774935
0,0,0.13464603121099517,0,0.029721557872810563
0,0,0.04848246094369382,0,0.009299282634928291
1,1,0.6785014893179024,1,0.58884975110834
0,0,0.07271118583924209,0,0.04727412138410083
1,0,0.30170870975035463,0,0.14270131938424035
0,0,0.06693074130866207,0,0.008421783875372834
0,0,0.1759110988187844,0,0.11406765709999611
0,1,0.5662237651972151,1,0.5501376211605281
0,0,0.1006825394646166,0,0.03201286621599688
0,0,0.4541153266975324,1,0.4511675864821323
0,0,0.1192687515182591,0,0.23695174361215798
1,0,0.4034543593234067,0,0.29867546479170803
1,1,0.8092114128296801,1,0.9497882736180504
0,0,0.20458287262661307,1,0.4352517172394827
0,0,0.15577605950312984,0,0.16580785966201217
0,0,0.11915693020065456,0,0.07371292163536729
1,0,0.35595724566392056,1,0.357610900351395
1,1,0.5514627807755483,1,0.4538116948363889
1,0,0.4351569148153993,0,0.1013501885576896
1,1,0.8647655343886471,1,0.835953565596244
0,1,0.5128177676418706,1,0.6158514058739625
0,0,0.15678960815395898,0,0.031399600976782016
1,1,0.726097071221467,1,0.9151886809117893
0,0,0.40918408743350565,1,0.38306106339550705
0,0,0.19931857552843557,0,0.12783980288092048
0,1,0.8389139326821953,1,0.8720499146579872
1,0,0.4621009485012964,1,0.39169607534324064
0,0,0.21786350400170293,0,0.10278413112547038
0,0,0.26467012573642545,1,0.48881992042162453
0,0,0.2027476130380788,0,0.11166828164096339
0,0,0.02467187539358503,0,0.003753519963780148
0,0,0.359640461887426,1,0.3455615241435319
0,0,0.07505770268187482,0,0.01946802562313014
0,0,0.35950478071158315,0,0.21958551406442503
0,0,0.1015976227185548,0,0.08041216875970408
0,0,0.0671906766445867,0,0.028409585069650422
0,0,0.04168808149071161,0,0.011305243221276766
1,0,0.4813032062333468,1,0.8080820978995178
0,0,0.12515157028509588,0,0.09180986731506494
0,0,0.3397628277836822,0,0.10795210490746418
0,0,0.14555998838097894,0,0.0429158069716759
0,0,0.03462612320467821,0,0.004731982620371096
0,0,0.2509926373001647,0,0.08567186849960289
0,0,0.3111003391547686,0,0.13119363326211586
0,0,0.3511660081165451,1,0.3723453949984236
0,0,0.05082032511923776,0,0.008209196535494028
0,0,0.09065601908866545,0,0.01930415154923017
0,0,0.16336680163543604,0,0.09901582966999134
0,0,0.09434378800704107,0,0.048310682510122306
0,0,0.29570330822369145,0,0.10123116225753655
0,0,0.044740533837236876,0,0.02934649190874061
0,0,0.3894420964356689,0,0.30339227054511025
0,0,0.2858327464032445,0,0.11156721547929009
1,0,0.07477542036849341,0,0.04861816104385042
0,0,0.3230479664468599,0,0.32480255238394584
0,0,0.05087630113846968,0,0.007019109197769949
1,1,0.6257892488655665,1,0.9370715644192505
0,1,0.6524383641038587,1,0.5735196578921592
0,1,0.8010064940505963,1,0.7744294846361645
0,0,0.4233991081641131,0,0.09119392583658718
0,0,0.1028830728692626,0,0.04575004228599905
0,0,0.13974818536787412,0,0.04650743096190523
0,0,0.3318588392596768,0,0.1860506858572367
0,0,0.08042036231417446,0,0.07831918621085585
0,1,0.6105675910127014,1,0.7483766633848599
0,1,0.578088411343218,1,0.9426826924015695
0,0,0.22941206030103037,0,0.29756192463719655
1,1,0.9187259877304839,1,0.9743001175589433
0,0,0.15932008005436218,0,0.03217734952310926
0,0,0.11059222583595611,0,0.05882859603465236
0,0,0.4309078247859462,1,0.414319422698613
0,1,0.7573061340431491,1,0.6273227394740207
0,1,0.6389415247590411,1,0.6740239620967098
0,1,0.6854599113448814,1,0.6494184083886435
1,0,0.367133506194174,1,0.43249162354063253
0,1,0.6355397767678893,1,0.945914265450196
1,1,0.8666453544023158,1,0.9451139673588513
0,1,0.5082114437053389,0,0.2100861617917759
1,1,0.6742532076694882,1,0.9464542456670059
0,0,0.08249455134991898,0,0.032782796537660815
0,0,0.029330234311501738,0,0.010212802588060916
1,1,0.6631406855508926,1,0.8215263260688165
0,1,0.7462545781939198,1,0.9079940050196481
1,1,0.9476885458914653,1,0.9919603763399976
0,1,0.601229612619032,1,0.6650740164227386
0,1,0.8316724414768134,1,0.9756358495076042
0,0,0.2531640095452575,0,0.2550861629687332
0,0,0.07836035983492937,0,0.03662463613592003
1,0,0.12216024936894114,0,0.03301177456514442
0,0,0.23427408708886235,0,0.2798090632736832
1,1,0.6407783627687967,1,0.8794046989237065
0,0,0.28960709185071315,1,0.3887832589003918
0,0,0.47085471470796747,0,0.27246556615188694
0,1,0.6226431905736897,1,0.8387705240343613
1,1,0.9371097724643866,1,0.9725120573638862
1,1,0.5450557155152908,1,0.8594035962913703
0,0,0.4954255288281479,1,0.8454748514088586
0,0,0.38882918773095854,0,0.2707146147284656
0,1,0.5879815196109165,1,0.9281197959173351
0,0,0.40227568081594856,1,0.635231690470391
0,0,0.27991596713906325,0,0.084171038669832
0,0,0.39749278851647046,0,0.2479644929533794
0,0,0.3860057729173505,0,0.2316786373866016
0,0,0.2102591607979048,0,0.15226538498509407
1,1,0.7675835560063037,1,0.9495410146931537
0,0,0.35639716302901175,0,0.1919771690916723
0,1,0.5794055294580676,0,0.29170621639542677
1,1,0.5816723921121179,1,0.9169497270351593
0,0,0.3610212558464854,0,0.27277173792731374
1,0,0.4767601867300993,1,0.6566902593968619
0,1,0.8145558412065103,1,0.8798821146950477
0,0,0.07958616052249341,0,0.0916830832334637
0,0,0.450851887502507,1,0.3806320429151275
0,1,0.6417595242306777,1,0.37062661292819515
0,0,0.29902195827456124,0,0.07076404512002786
0,1,0.6790816830059816,1,0.8314996262307301
1,0,0.3291932336247288,0,0.24673927211689842
0,0,0.28708812686471297,0,0.31081093259418235
0,0,0.2605485817336412,0,0.23430120181866193
0,0,0.1785568507474972,0,0.07214209882110678
0,0,0.36542485426060395,0,0.2096196880981448
0,0,0.2227619117076506,0,0.1645167449802157
0,0,0.08495447288889546,0,0.011946690869631585
0,1,0.7810342257576843,1,0.7114533090445565
0,0,0.4502841840442718,0,0.33891151877496
0,0,0.38910447672766874,1,0.4595635734630653
1,1,0.7630644106119611,1,0.550010855321744
0,0,0.06491992740919693,0,0.023832513028285922
0,0,0.08017587075183327,0,0.01787485871092541
0,1,0.6947411561942622,1,0.931958007597707
0,0,0.15024026032187596,0,0.03356345056727309
0,0,0.31694373621542216,1,0.4683954330240016
0,0,0.2575544151765464,0,0.1767968911006501
0,1,0.5707874602600865,1,0.4248275331465116
1,1,0.9996839301621838,1,0.9990298539215722
1,1,0.5081001244598954,1,0.58167620016483
0,0,0.3018929400934869,0,0.2923882731307415
0,1,0.7690758975439016,1,0.9108765755072904
0,1,0.7053062305380257,1,0.6794553220911906
0,0,0.18237299645735763,0,0.03911517018500766
0,0,0.40766340779177707,0,0.20995076440415966
0,0,0.2135554702308216,0,0.19107934757666672
0,0,0.4160102915969349,1,0.44921927662372774
0,0,0.03968393329723756,0,0.010694455093385449
0,1,0.9661359320605302,1,0.9956154568064868
0,0,0.20314782053683814,0,0.09203325588316649
0,0,0.11508876040431934,0,0.10288757333549473
0,1,0.6438464646323172,1,0.4198989130487146
0,1,0.6008792507069518,1,0.9054363404149215
0,1,0.8558434443942288,1,0.9140697049504433
0,0,0.10034124215081303,0,0.019835877490202117
0,0,0.10264689545480721,0,0.03783323114838388
0,0,0.07624980790486649,0,0.03640096580750643
0,0,0.3368988975498992,0,0.21252709700444156
0,0,0.23800997467343304,0,0.054730689412977825
0,1,0.5145083337271606,1,0.44042423277712855
0,0,0.13068511129514754,0,0.02526196989821169
1,1,0.9671080737588342,1,0.9908800799282734
1,1,0.8043049219288935,1,0.974529175462384
0,1,0.5654154998891651,1,0.5777154818662863
0,0,0.3705892941727609,0,0.10408308618645905
0,0,0.16645032875216062,0,0.11634954030841334
0,0,0.2772548334351984,0,0.13495345836406936
0,0,0.4581500489087325,0,0.18156399113747018
0,0,0.26768462499954404,0,0.09048212532610674
0,1,0.9378970380133123,1,0.9886524655872577
0,0,0.14169582060868116,0,0.04890194488401189
0,1,0.7914335510526119,1,0.9785584347670396
0,0,0.22428155852648107,0,0.269924165056886
1,1,0.6904240899442835,1,0.6869491809945302
0,0,0.1109399575604737,0,0.026577058373174842
0,0,0.05881946468259911,0,0.036084121529072845
0,0,0.22705104542196025,0,0.3054453886884164
0,0,0.48866690705201415,0,0.2813136653002894
0,0,0.1109773551392641,0,0.07234966486430462
0,0,0.36775150386514754,0,0.23410483492090586
0,0,0.23932728247603088,0,0.1258461174165303
0,1,0.9089114300886509,1,0.9446717461574312
0,0,0.25550957167444327,1,0.36163612144837437
1,1,0.6338681652542144,1,0.6936654943715819
0,0,0.21202154393010642,0,0.07779192549385086
0,1,0.5685257061983783,1,0.3916267568167916
0,1,0.6027268441638294,1,0.9527673278355914
0,0,0.3424490761052875,0,0.21333425713990375
0,0,0.18355513706604296,0,0.11701456373338455
0,1,0.8424891559699403,1,0.9728815012377093
0,0,0.04070901600266776,0,0.005372186696611933
1,1,0.6673681277222537,1,0.5777558352692931
0,1,0.6211026380489126,1,0.7100774020036527
0,0,0.2761217319058303,0,0.1793569360139767
0,0,0.213672668511305,0,0.19952353358584793
0,0,0.48318551845466085,1,0.6775010358211268
1,1,0.7304248886305469,1,0.9007110320937098
0,0,0.47423328528773345,1,0.7093060051113816
0,0,0.08293342947603574,0,0.02429957865344085
0,0,0.0485542935902164,0,0.017046325852778165
0,0,0.08938560601215866,0,0.02539678745019979
0,1,0.8652199411962102,1,0.9582348236885015
0,0,0.10587803781431239,0,0.038841383815685755
0,0,0.26053377007967343,0,0.29213125146303026
0,0,0.1412232093951107,0,0.04187927432595551
0,0,0.20057687815415723,0,0.10311717081168194
0,0,0.49246410448747413,1,0.46935111282772773
0,0,0.40365113028336996,1,0.5049125162189797
0,0,0.44464524996104665,1,0.4481830876405334
0,1,0.8708180186710327,1,0.9904295272267168
0,0,0.140779029432488,0,0.06494879090764077
0,0,0.11753900916358036,0,0.017900285270483728
0,1,0.6649962701646734,1,0.9165151578422053
0,1,0.7223419771108162,1,0.6362971599251177
1,1,0.8735815443889431,1,0.9324120885500868
0,1,0.7230378429735818,1,0.7662670321028102
1,1,0.8901355727259059,1,0.9470679028130642
0,0,0.4282055334035394,1,0.7552832899011381
1,1,0.9165865193529601,1,0.9813815792989028
1,1,0.8369825278433768,1,0.7771693646692347
1,1,0.6978298028769075,1,0.802185102782206
0,1,0.8060130838471815,1,0.8752903227679172
0,0,0.3012078263317215,1,0.3960927949061494
0,0,0.2988160948147228,0,0.16145089966861656
0,0,0.12298727815689635,0,0.03716772795280665
0,0,0.05608881503147204,0,0.008773610300947438
1,1,0.9861502081946784,1,0.9967819244539158
0,1,0.6247586979654977,1,0.5608223996843251
0,0,0.30277235716270223,0,0.20409191951084904
0,0,0.30954302046849363,0,0.12240136945052511
0,1,0.6639420465357013,1,0.5359149115959627
1,1,0.9257736170687133,1,0.9588250857416699
0,1,0.838879350021794,1,0.8615198357245598
0,0,0.18326717080077096,0,0.06838791315185265
1,1,0.9049846798538144,1,0.9698142492370347
0,0,0.08611734637780856,0,0.008756915962608188
1,1,0.925050902252341,1,0.9747983068602392
0,0,0.006417696726206014,0,0.0006263460321326868
0,0,0.22580198699820783,0,0.18296114020338225
0,0,0.14217442462577148,0,0.0491701647179699
0,0,0.13343259205878863,0,0.043950066309458004
1,0,0.32349342021739147,0,0.3324163388137639
0,0,0.0987108196563517,0,0.12063750741834646
1,1,0.984977702479381,1,0.9895465163346654
1,1,0.6254490374592354,1,0.5103712170839768
0,0,0.12378722177383988,0,0.0584349157923678
0,0,0.42790926250853945,0,0.324335416200994
0,0,0.026057968952331728,0,0.004511607707999912
1,1,0.602513081651779,1,0.378512363449979
0,0,0.17146602684644643,0,0.19944532265506162
0,0,0.3518374976168927,0,0.3219261746374108
0,0,0.04022179560057065,0,0.015022519259849414
0,0,0.20883953251191018,0,0.17202875054060027
0,1,0.8793762314809175,1,0.9754905931049271
0,0,0.03645165455057358,0,0.007597708564891115
0,0,0.22294303207576036,0,0.08499967810831863
0,0,0.10436473105518984,0,0.03360741459418314
0,0,0.220901165121858,0,0.10393044767688868
0,0,0.054728769082394366,0,0.018224553877430008
0,0,0.02392737500779575,0,0.003578607225702933
1,0,0.47813793714356195,1,0.6013374211064206
0,1,0.9626480740789098,1,0.9950720301587792
0,0,0.2958075853552807,0,0.16636802212450608
0,0,0.19139772336584948,0,0.1659691388079973
0,0,0.31862227072664157,0,0.2567801962149826
0,1,0.6370634109450288,1,0.6486548303063354
0,0,0.08673785179653218,0,0.06375011497599971
0,0,0.33997793212087296,0,0.3139305807269483
0,1,0.5685946746170215,1,0.6396554918902532
0,0,0.21666262772922606,0,0.10266792172547469
0,0,0.14407435168670724,0,0.07461229596906872
0,0,0.21134935846505354,0,0.08634328582925864
1,0,0.4762668491289648,0,0.15317132606252734
1,1,0.7300227859221681,1,0.9185792586947713
0,1,0.5665875077406047,1,0.38495100555018363
0,0,0.013612543619600601,0,0.0010399001112685847
0,1,0.600515970935342,1,0.4988565626069646
1,1,0.9838899726679016,1,0.9984138169939695
0,1,0.9630876343755181,1,0.9945914016527773
0,1,0.6707673571573726,1,0.9205705266491043
0,0,0.321130953264006,0,0.2961177884385707
0,0,0.2675045528748044,0,0.31084757031483834
0,0,0.0987083359449235,0,0.06746663537317882
0,0,0.09377919264091612,0,0.02631752251297533
0,0,0.4506883756683956,0,0.2695637796842033
0,0,0.40403113495330967,0,0.2356637177916515
0,0,0.12217136249299804,0,0.04429548393412514
0,0,0.1816039121280589,0,0.18581530629521473
0,0,0.47066415088252034,0,0.1122321630505605
0,0,0.48814017480067123,0,0.29668758518923316
0,0,0.48587290198837896,1,0.3526460219310262
0,1,0.8129869359137502,1,0.9443915593815907
0,0,0.21847374257249264,0,0.0518945885329992
0,0,0.11968978376870783,0,0.010869244370785546
0,0,0.1438981472580333,0,0.1789864401681594
0,0,0.1890964212670253,0,0.2414462468659377
1,1,0.8151061833491309,1,0.710057782515083
0,0,0.07825547077709438,0,0.00970339764186935
0,0,0.3802684842216659,0,0.23361354518401972
0,0,0.4122172820905918,1,0.59606441839189
0,0,0.10321477984177481,0,0.07959701456589327
0,0,0.11810243253687334,0,0.03244376228043219
0,0,0.10339179312826971,0,0.062344492753387395
0,1,0.6569981283233091,1,0.7190371074056217
0,0,0.24939361736744223,0,0.2801128098693991
1,1,0.8321823247007976,1,0.9771660684736939
1,1,0.9055821420606536,1,0.9669487904458226
0,0,0.03257305215586431,0,0.012686019916825943
0,1,0.5102427398028746,1,0.6549034654409914
0,0,0.1525442202372649,0,0.14007765068063124
1,1,0.6097244456153433,1,0.7155517756889612
0,0,0.03304651403305667,0,0.0071191867637855795
0,0,0.4190373558949068,1,0.5694597994671682
0,0,0.041056542542361164,0,0.020248832302117208
0,0,0.0568490468961009,0,0.016165569968302977
0,0,0.15589463263873485,0,0.06982107901408723
0,0,0.0720106983166428,0,0.035046400785561066
1,1,0.9408441603335159,1,0.9525751336389368
1,1,0.9904760779034116,1,0.9952057699688406
0,0,0.43322275534203486,1,0.5353523166079707
0,1,0.5104349653874679,1,0.36069138962619957
0,0,0.13639785363098714,0,0.058362821947215614
0,0,0.3165208230053581,0,0.2068430183085446
0,0,0.367741449347498,0,0.13240288076174014
0,0,0.4403693635015765,1,0.730331229829125
0,0,0.4624211549305813,1,0.3933395478624083
0,0,0.40232878770604447,0,0.1250700978281903
0,1,0.597337809360938,1,0.4623357489634295
0,0,0.13838362183175976,0,0.04142567049589767
0,0,0.03726922023491995,0,0.010291483579140778
0,0,0.14055881405016046,0,0.03094035193050216
0,0,0.18781831439859975,0,0.15572651929443815
0,0,0.37792086786381734,0,0.2125174408013169
0,1,0.564892352903,1,0.39816640528364483
0,0,0.1938678809040158,0,0.2791500987821854
0,0,0.08650695833850167,0,0.04582978633472004
0,0,0.34456789356049927,0,0.22723260463725303
0,0,0.061106100592344385,0,0.014776036253258136
0,0,0.07724556702161038,0,0.01740457001231829
0,0,0.15611074329982577,0,0.18877368192385371
0,0,0.16781718545080138,0,0.1711108751213068
0,1,0.5779005757358329,1,0.7874840786583237
0,0,0.0994624641127171,0,0.05051065869508492
0,0,0.0802453556026966,0,0.05954407013279213
0,0,0.45868939458731905,1,0.4918681757135734
0,0,0.43282606017657455,1,0.6521939845273033
0,1,0.8489342998554986,1,0.8413190772101846
0,1,0.786094260036087,1,0.9636315808264586
0,0,0.3189592394467673,0,0.13836809477352052
0,0,0.1464044713155846,0,0.06984903808497862
0,0,0.0707025653332436,0,0.02928226131313365
0,0,0.04881946016313968,0,0.011059539988138934
0,0,0.14671768560141066,0,0.1305217428135457
0,1,0.8539423063303696,1,0.941586612076445
0,0,0.2131475004515289,0,0.07796494085733417
0,0,0.2837152362689032,0,0.3083080626444202
0,0,0.17176662661228467,0,0.06501229037712924
0,1,0.9094282937644919,1,0.9763285555221836
1,1,0.8811746520269805,1,0.9226729512494328
0,0,0.31477997696231735,0,0.0702278239485823
0,1,0.7172101666579056,1,0.7285419447087496
0,1,0.5304738333972977,1,0.5160562988179414
0,0,0.41970877254701283,1,0.6027123364720482
0,0,0.31587919302780876,0,0.13625266069881264
0,0,0.050020736805354626,0,0.03693586968375684
0,0,0.3575946188296919,1,0.39164685447255454
0,1,0.7958748310614784,1,0.934020300113724
0,0,0.03794812137915372,0,0.00808452062418395
1,1,0.8998260393176463,1,0.9907125574841726
0,0,0.3427112350702291,0,0.33639380799332413
0,0,0.24402927059862545,0,0.12817150146236145
0,0,0.14257606803827425,0,0.05009464804638948
0,0,0.2524281116698411,1,0.39301757124203074
0,1,0.6211486518667201,1,0.73282960207919
0,0,0.28287942697124213,0,0.18973790133544055
0,0,0.4769559821654529,0,0.15096846083302914
0,0,0.07981759506124605,0,0.0586487902676579
1,1,0.8346965621424671,1,0.8561487587297658
0,0,0.36863604943867523,0,0.19240152142223305
0,0,0.38442547617042544,1,0.4824615832037297
0,0,0.13690399814208223,0,0.11139258904379847
0,0,0.3458803350818872,0,0.17294485085703556
0,0,0.10517325530767282,0,0.025380959319849638
0,1,0.6173888152460574,1,0.7190560318689014
1,1,0.6152337796595989,1,0.472293559815143
1,0,0.2766666718113552,0,0.14445545241727054
0,0,0.22597041147216032,1,0.3701370787881421
0,0,0.15210945465181855,0,0.018218573312884824
0,0,0.425519826978603,0,0.32118053434131344
0,0,0.4725027581397885,1,0.46051998640660313
0,0,0.03682189329755414,0,0.008991403790056463
0,0,0.10955612905360067,0,0.10196617427438281
1,1,0.7393276658971087,1,0.8024300365925406
0,0,0.30729955913510815,0,0.1354723019110219
0,1,0.8033847305055571,1,0.9857055351982745
0,0,0.3814245673298061,0,0.26068517006263814
0,0,0.44284854841253146,0,0.3379288522415428
0,0,0.4495747697790374,1,0.6593915185158005
1,1,0.9214199261263427,1,0.9752744250801567
1,1,0.7854469501562311,1,0.980106459818817
0,1,0.7729730746597213,1,0.6294370448266704
0,1,0.5806804735221154,1,0.684708449537383
0,0,0.24710692775063114,0,0.09144374220197352
0,0,0.21934466211035614,0,0.10362939805825094
0,0,0.28173916214793165,0,0.2282402675163657
0,0,0.3603847458050362,0,0.1905289627740698
0,0,0.2200086543979863,0,0.151510422201831
0,1,0.8863937017704435,1,0.9623484914869989
0,0,0.22316560066531074,0,0.09312448195194745
0,1,0.5628438748187959,1,0.9021823264386838
0,1,0.5054197267660078,1,0.4900836359078253
0,1,0.6198911497684158,1,0.7321468678157715
0,0,0.4131135327465628,0,0.15786550667840651
0,1,0.5188171795265197,1,0.6178958367319599
0,0,0.4129309877163416,1,0.38828334188283425
0,0,0.09210088914604342,0,0.017136406723381542
1,1,0.8273126051353236,1,0.9602093976997935
0,0,0.19061591183351903,0,0.12033011634850516
0,1,0.9252575669323511,1,0.9727331431906056
1,1,0.542229663686897,1,0.5551001696971363
0,0,0.07020613347739599,0,0.016456433545337282
0,0,0.42247570626138614,1,0.5456789529110189
0,0,0.23448988562372838,1,0.34609375603020964
0,0,0.21968594741421027,0,0.2376164585864957
0,0,0.04973847821011883,0,0.043079945346960594
0,1,0.793966545608571,1,0.7728732723403504
1,0,0.43602990071345915,0,0.18353561841905444
0,0,0.4821174683578662,1,0.3668836980662608
0,0,0.16012452681188102,0,0.053394502634998064
1,0,0.3473262377664611,0,0.3176554142322597
0,1,0.8005029389545731,1,0.8851840739959514
1,1,0.9993761644039889,1,0.9991298329459672
0,0,0.24906815629559254,1,0.4304867016221843
0,0,0.02972201592071783,0,0.0049031111116466936
0,1,0.9651266283300146,1,0.9907754727908219
0,0,0.3955100655758941,1,0.5886388263888493
0,0,0.09032091226468919,0,0.045472876983083915
0,0,0.3615346366054037,0,0.2832981981687914
0,0,0.4214712722422978,1,0.3498017152990962
1,0,0.16877479055072092,0,0.10053877095194237
1,1,0.895279542025409,1,0.948556965597867
0,0,0.39595494091615807,1,0.7065413886609951
1,1,0.8917202476944507,1,0.9792085007977095
1,1,0.9181506490988216,1,0.9941354121583486
0,0,0.2700350164656514,0,0.20936987644031774
0,0,0.037299653508711825,0,0.00907157438429881
0,0,0.16804528285184053,1,0.3999413999594858
0,0,0.178169584094963,0,0.060606606887035896
0,0,0.10141212481751113,0,0.01821849485149378
0,0,0.14286137974082255,0,0.15748431099402438
0,0,0.09983028687798183,0,0.09252012634752702
0,1,0.6822490577621516,1,0.9615965610051923
1,1,0.940124884746134,1,0.9573681998510258
1,0,0.17899411362593068,0,0.0890223699244822
1,0,0.17721697539241602,0,0.0782360272122854
0,0,0.2725651489220243,0,0.27062715270243487
1,1,0.6901608278184331,1,0.7420273871356513
0,0,0.16306746972279412,0,0.019942307700303412
1,0,0.39176989304480353,0,0.2258461323888893
0,0,0.11842320228045194,0,0.04987428472121503
1,1,0.5110310682654651,1,0.6553810187584368
0,0,0.1649741931758493,0,0.09756389455358094
0,0,0.4845694469797534,0,0.3179792888406826
0,0,0.27053845342080307,0,0.06654204477148044
0,1,0.7678458212626532,1,0.682725450247533
0,0,0.41688251677312427,1,0.43285407192765213
0,1,0.5981114944952204,1,0.6691718535990732
0,0,0.13331236724020934,0,0.0856072111561196
0,0,0.2334631255990047,0,0.03935798972241197
0,1,0.6882555521744188,1,0.6057857236789207
1,1,0.7669485448880238,1,0.7868120078068257
0,1,0.9733705713752023,1,0.9961134929374809
0,0,0.13863198282079428,0,0.04714262595544726
0,0,0.11113085520207774,0,0.05534540834432322
0,1,0.6258762165608137,1,0.6241629236462624
1,1,0.8851602704418768,1,0.9371922949763724
0,0,0.20573737828576244,0,0.14534747551677601
0,0,0.16438661479521577,0,0.06540121713936976
0,0,0.3382644592280378,0,0.18499984741988235
1,1,0.7145754332659969,1,0.9201336871560666
0,0,0.16121800821494253,0,0.10961822307092169
0,0,0.12267032687347089,0,0.060583766207827086
1,1,0.88414305745441,1,0.9922263385925608
0,1,0.5397134609595312,1,0.7324973024102732
1,0,0.29502006856933777,1,0.4665788090178419
0,1,0.538394690036037,1,0.9096985469622838
0,0,0.3587749307529204,0,0.22283955581073223
0,0,0.20259199315376178,0,0.08391097128868116
0,0,0.4613556755635052,0,0.1874529512268128
0,1,0.769564747056746,1,0.834987212780598
1,1,0.8904575255273218,1,0.9479391259007686
0,0,0.11495765684791003,0,0.030583002916541913
0,0,0.2718145316078775,1,0.3667023069091656
0,0,0.28735521863422986,0,0.2515007213808211
0,0,0.04786822982473178,0,0.009208621955314788
0,0,0.387901723326954,0,0.2302032740341881
1,1,0.5982185509795035,1,0.5820652628947645
0,1,0.6304178097893106,1,0.5607051603625473
0,0,0.2663396883918821,0,0.15637760298067355
0,0,0.025115405638802293,0,0.002469302321548224
1,1,0.9373758623025575,1,0.9696173288901623
0,0,0.2944718966642072,0,0.05519634810335351
0,0,0.18466292348144847,0,0.14128069373943303
1,1,0.582940795623008,1,0.7343874997204479
0,1,0.8752934048147581,1,0.9832346261113929
0,0,0.04604617517453466,0,0.025286809988463433
0,0,0.17663750845624,0,0.06469837431156
0,0,0.06722694173571954,0,0.028549548339388314
1,1,0.9567307810860479,1,0.9892181503766712
0,0,0.17129741401922682,0,0.035916296581476756
0,0,0.46635500799012614,1,0.5965626425220228
0,1,0.6790698998131058,1,0.5760038726392227
0,0,0.09791475575616415,0,0.05811169680622217
0,0,0.25413983439550675,0,0.15284308937277655
0,0,0.12578964515024124,0,0.01988351214256674
0,0,0.453725610900488,0,0.27379142440963383
0,0,0.10321561260442107,0,0.04434315619434304
0,1,0.8041407767542954,1,0.8543939199755952
0,0,0.06065126043670593,0,0.01945398304833426
0,0,0.42396058832536115,1,0.6460697753105883
0,1,0.740509385780513,1,0.5631407994205445
0,0,0.13894594282222758,0,0.07347403342912821
0,0,0.3436491042918319,1,0.4339524394480086
0,0,0.23295998391630654,0,0.20778360699561269
0,0,0.45790235878968366,1,0.4163189245870344
1,0,0.40308192328022785,1,0.514139087076572
0,0,0.402081717855121,0,0.254792509061215
0,1,0.8408705919445251,1,0.9717766494442532
0,0,0.09905348717791705,0,0.03717015205854535
0,1,0.5068263044532458,1,0.5275357897917184
0,0,0.42230206861398883,1,0.3930666934271968
0,0,0.10722855763444704,0,0.045999949579419476
0,0,0.07447396887075995,0,0.03564931141406179
0,0,0.48783821296463004,1,0.3569698778645324
0,0,0.446316720577055,1,0.41072785593304373
0,0,0.2284692074390998,0,0.05109377430037511
0,0,0.03252167126452063,0,0.0057908446059482584
1,0,0.2688114053706642,0,0.23782921749373812
1,1,0.9337649451560878,1,0.9812139578847877
0,0,0.10289449767617455,0,0.05896698746868392
1,1,0.7679804799990738,1,0.5915744348445029
0,0,0.097403066190409,0,0.031349546529182495
0,1,0.5582997423441383,0,0.24821027670280843
0,0,0.15642464674563525,0,0.11259989101987138
0,0,0.42827028449290355,0,0.22482113544800358
1,1,0.7594159980335313,1,0.7254323642567913
0,0,0.3786598765844812,1,0.37079292934563457
0,0,0.12095832553995962,0,0.026025447506386065
1,1,0.7932044792764805,1,0.9260876972476183
0,0,0.09001049503381027,0,0.04146834707235418
0,1,0.601876680104158,1,0.5309258602722974
0,0,0.26737079620356846,1,0.43395276806519745
0,0,0.2510095662375268,0,0.13900149019819144
0,0,0.14582155775381178,0,0.07406584049392796
0,0,0.08108379185858496,0,0.03827691909861257
1,1,0.7019031513032954,1,0.9016279045453458
0,0,0.16103583229632917,0,0.06376399537111388
1,0,0.47139365564791397,1,0.6390288892159668
0,0,0.147852359047496,0,0.08980075518515582
0,1,0.6679224787711227,0,0.32560494106486504
0,1,0.6939995737437616,1,0.7901557552634328
0,0,0.4131839203468692,1,0.4739537210893521
1,0,0.23999456348939838,0,0.07513963922100783
0,0,0.08859548580389846,0,0.05302501650700201
0,1,0.5825751187081938,1,0.44155279014179527
0,1,0.8554293552990906,1,0.9824508780234084
0,0,0.3501391109870814,0,0.2614223244212911
0,1,0.6668474842012775,1,0.3601719657180094
1,1,0.777786722577155,1,0.7956880710128238
1,1,0.9133445529263439,1,0.9379030554615082
0,0,0.18433831616124174,0,0.1574073104030473
0,0,0.07617912311576197,0,0.03611229149032076
1,1,0.7315325601190726,1,0.8682473618457583
1,1,0.9806881902729621,1,0.997754791467036
0,0,0.34176295490366676,0,0.16168568505714825
0,0,0.3918639432039956,0,0.27793589571190813
0,1,0.7264843026756159,1,0.8825925431273937
0,0,0.0726257809754424,0,0.02993158686136746
0,1,0.6322618432205847,1,0.6688169749563894
0,0,0.08195420918890389,0,0.02053922463826007
1,1,0.9974965065742362,1,0.995495087811814
0,0,0.08452823740163765,0,0.020457150852184962
0,0,0.19549880980988862,0,0.07701055225793985
0,0,0.26706609668894804,1,0.4431086720347343
0,0,0.4136136734044955,1,0.39711414281486235
0,0,0.4301898179566746,1,0.5277167080025652
0,0,0.048101220416955415,0,0.006716450153187729
0,1,0.8714257309997844,1,0.9160432331794319
0,1,0.7216139065300436,1,0.8424778502340993
0,0,0.17899099549743994,0,0.06416913316693114
0,0,0.033029199924571366,0,0.007119921192471623
1,1,0.9557969436679036,1,0.9804388667335969
0,1,0.6095770754678066,1,0.6646545442194464
0,0,0.07637437836266334,0,0.020292578469412452
0,1,0.6014154409561785,1,0.6998887064603623
0,0,0.07775662338714082,0,0.014784667118998581
0,0,0.1254235793044962,0,0.028549030118402208
0,0,0.08627088292315521,0,0.021445627338734733
0,1,0.5220904277400601,0,0.17312767812854934
1,1,0.7876684672804942,1,0.4857241957298704
0,0,0.39591943385637063,0,0.3343965429961713
0,0,0.46728348045859963,0,0.11471459624887292
0,0,0.13074737111294107,0,0.09314872698051872
1,1,0.6258053288366604,1,0.5381916877498063
1,0,0.3369983927052986,1,0.34668374490410364
0,0,0.31001663057668877,1,0.40071212232230696
0,1,0.615284362841275,1,0.7834447806462685
0,0,0.4666194842059836,1,0.9063404600628835
0,0,0.21429190703161763,0,0.17195572840654907
0,0,0.08766299320648203,0,0.04569839960089948
0,0,0.2764704592703696,0,0.14157331906045104
1,1,0.7459894808430194,1,0.776741566395345
0,0,0.13049676499246785,0,0.2827632402881461
0,0,0.250857937981926,0,0.1542829417854622
1,0,0.429807143966795,1,0.40912805430161187
1,1,0.8983561581076708,1,0.9854670078977882
0,0,0.39901764288077585,0,0.11042976521668747
0,0,0.14878863201882542,0,0.13205386577153444
0,0,0.12296974540757176,0,0.10610057859121533
1,1,0.8887200560580156,1,0.9744646163985152
0,1,0.8677306828192727,1,0.9176179037304942
1,1,0.6117070529187211,1,0.8207168857126691
1,1,0.9598438717670286,1,0.9411918667635403
1,1,0.9303369932168472,1,0.9474283234494486
1,0,0.48267566619879126,1,0.4177225783488824
1,0,0.3086802250555301,0,0.10071923546121318
0,0,0.32807539197015545,0,0.16644541782990088
0,0,0.1647056449783254,0,0.01739469296805083
0,0,0.27189506333769164,0,0.2713852693937507
0,0,0.1762331392473125,0,0.07701741707315729
0,0,0.06024519443200594,0,0.02294912273835501
1,1,0.5311296982752259,1,0.3484606325401625
0,0,0.020230410305793135,0,0.0024168980334109257
0,0,0.3886287711131922,1,0.37518960290559517
0,1,0.7036285292760079,1,0.753796588707155
0,0,0.30293472224831663,1,0.47877333863606264
0,0,0.24100112436631696,0,0.21874286187826245
0,0,0.39616480570721385,0,0.19266157690535762
0,0,0.18693963188275173,0,0.12248874649351943
0,0,0.12392692098791347,0,0.017774452750954392
0,0,0.12153432571724689,0,0.1018463384650093
1,1,0.9496634914794584,1,0.9808303957771569
0,0,0.08198832417922666,0,0.04402165921978962
0,1,0.7559229255099695,1,0.8311253485088245
0,0,0.10836619586914181,0,0.022114799142592418
0,0,0.20255100510740306,0,0.1950075711872573
1,1,0.6270996676832089,1,0.7291503466081478
0,0,0.07475579966558325,0,0.035856720880815436
0,1,0.5260464564073173,1,0.533292401431968
0,0,0.3192968997194047,1,0.5585522361670409
0,0,0.35378452396524074,0,0.3237448487838042
0,1,0.5396880208626061,0,0.28383989116177166
0,1,0.9595212729442023,1,0.9957819120708465
1,1,0.6805703967403155,1,0.6238119062007638
0,0,0.0586382381178622,0,0.019110122310397968
0,1,0.9410853044062624,1,0.992125521638097
0,1,0.6737554850949616,1,0.7450584569004413
0,0,0.14296885611225338,0,0.04216184015322979
0,0,0.07036607598818985,0,0.01412217411800104
0,0,0.06668176533606711,0,0.018017819680798932
0,1,0.7912536018626307,1,0.9486356994215019
0,0,0.22074993485320704,0,0.08507257274657987
0,0,0.23616273071410426,0,0.2252168149060339
1,0,0.30165346562202405,0,0.08601076503114398
0,1,0.9622474845506207,1,0.9969022111531042
0,1,0.6419523086713474,1,0.584010069719569
0,0,0.1295757019768926,0,0.02127238724284507
0,1,0.5674659314025261,1,0.4829930103385232
0,0,0.16348093394321295,0,0.1303387629329675
0,0,0.21022581297022555,0,0.13049356473050805
1,0,0.31374911612126255,1,0.4046386141051151
0,0,0.1577690924581389,0,0.0679933302802905
0,0,0.19391845537014887,0,0.24450102750311195
0,0,0.1600908874333564,0,0.14040002240431965
0,0,0.44132823024576884,1,0.5278592508829121
0,0,0.16567813394148173,0,0.054137235516236115
1,1,0.8977121108922288,1,0.9368482627177918
0,1,0.6727516019415457,1,0.42684664423303453
0,0,0.18558128468482818,0,0.045297448284567964
1,1,0.9737050460180198,1,0.9977555531407364
1,1,0.9771059000537302,1,0.9986898700081251
0,0,0.39394177535301783,1,0.42505248094171777
0,0,0.09891934454493764,0,0.043844120845846414
0,0,0.062355105970044136,0,0.014940397682799108
1,1,0.9154884224956262,1,0.9776024680373855
0,0,0.1877739949156749,0,0.08532818833435502
0,0,0.3556083632781451,1,0.3937310817070716
0,0,0.05859828341361898,0,0.05558562737330769
0,0,0.14374023928084334,0,0.04081987550658947
0,1,0.7860091573684658,1,0.979666182410012
0,0,0.17194682133176117,0,0.0637027953147864
1,0,0.07153013580665549,0,0.01054013409040735
1,1,0.9626803411831019,1,0.9888637105528575
1,0,0.14124326710748994,0,0.08713237727229178
0,0,0.18550854108113662,0,0.20845015697992847
0,0,0.2540397230303396,1,0.39412201856625606
1,1,0.8259432258265234,1,0.9747400275067901
1,1,0.6975973754881181,1,0.9456609769643556
0,0,0.06089375753051725,0,0.023955593494055554
0,1,0.6760421061880306,1,0.7089056389459671
0,0,0.051725559014744474,0,0.015046459031479508
1,1,0.895847683389328,1,0.9670494568314794
1,1,0.9679043939434989,1,0.9862168186389821
1,1,0.7471285058304781,1,0.7033275767701915
0,0,0.15989172526852397,0,0.188373693303661
0,1,0.5033046926641563,1,0.4254744222991366
0,0,0.31106105840790765,0,0.3298475528907956
0,0,0.23847770897978465,0,0.14943512106266663
0,0,0.2531519942964127,0,0.11757123279160805
0,0,0.4220734870498752,1,0.4846387398176925
0,0,0.04511212388135273,0,0.013837401606199016
1,0,0.4524793370448801,1,0.7191881829805584
0,0,0.26535714295377527,0,0.13523633749790018
0,1,0.8147757021659906,1,0.7897932365568067
0,1,0.6216800478410034,1,0.42598603911021493
0,0,0.23025466977921985,0,0.2124504593967513
0,0,0.27402699364269567,1,0.592722307914656
0,0,0.35722813317660573,0,0.17735989056043502
0,0,0.4624952294072812,1,0.666787493270979
0,0,0.108628561319042,0,0.02556242485854694
0,0,0.3479327193052316,1,0.34599353005345823
0,0,0.06366352883418444,0,0.015033588197559304
0,1,0.5689465660021106,1,0.7847271478983763
0,0,0.13059956665470646,0,0.0339551247994397
0,0,0.20248380763399146,0,0.10576226417200105
0,1,0.8756519498301724,1,0.8772486957693499
0,1,0.5993550905587798,1,0.6465491140007019
1,1,0.8021573555129861,1,0.9262263777552505
0,0,0.40090781463441766,1,0.5453402071630225
1,1,0.9728777226442279,1,0.9961846042890417
0,0,0.09525723568218812,0,0.017731068672814144
0,0,0.064387939287049,0,0.03268956345417762
0,0,0.11254916130989269,0,0.19974706985693838
1,0,0.3143590894821495,1,0.36774166621288307
0,0,0.06506784406067034,0,0.03301342282728367
0,0,0.24780735070976323,0,0.16788819690121895
0,0,0.15601578902309995,0,0.060321999943272434
0,0,0.2846078539485897,0,0.05821353131915768
0,0,0.20403476788749303,0,0.17213237298576126
0,0,0.20349555650591986,0,0.17122780557806672
0,0,0.22700664973213566,0,0.10514583782552789
0,0,0.4069759386732468,1,0.6737794571598472
0,0,0.16048612456453665,0,0.03005054143257558
0,0,0.275515903824998,0,0.20794121610885957
0,0,0.3097954564007987,1,0.42991325691031984
0,0,0.15390993037429862,0,0.08036948387156373
0,0,0.11648360437936608,0,0.021342285998452105
0,0,0.3233653033464107,0,0.0917254878175592
0,0,0.48278162211308046,0,0.15931621141023206
0,0,0.028980722087309327,0,0.004803958768358271
0,0,0.1583160462683747,0,0.16241140243216962
0,0,0.12172119289842151,0,0.027200180996159288
0,0,0.07357342173799059,0,0.018195476062890414
1,1,0.5819275588794601,1,0.41302403532966314
0,0,0.04496235237390678,0,0.01178308187149265
0,1,0.6043473559140891,0,0.32019633197183606
1,0,0.1326913581207713,0,0.10904737837166668
0,1,0.5848803908373638,1,0.44444383071930293
0,0,0.13929585079354487,0,0.1143770933704636
0,1,0.508141574170316,1,0.44695849743049987
1,0,0.33243995494226297,1,0.672442735329411
0,0,0.202374238517425,0,0.14888518809038254
0,0,0.4976989047884441,0,0.329177868705841
0,0,0.03225362179517241,0,0.010722424249821647
0,1,0.5201534982983061,0,0.32448865619827844
0,0,0.39450706894016124,1,0.39443411630237624
0,0,0.25404508434741624,0,0.2249904899483918
0,1,0.5183004465001352,1,0.4832554776970586
1,0,0.2703282297605614,0,0.20907141837543575
0,1,0.6235610016386719,1,0.5563878020604381
0,0,0.03949448522549497,0,0.010947925769467015
0,1,0.6028589453423208,1,0.38577116200140876
0,0,0.0910699186709081,0,0.03632244213314665
0,0,0.12944649187185786,0,0.07209589840734024
0,0,0.3824606615008127,1,0.36708614081100155
1,1,0.8747286584426349,1,0.8570354128361998
0,0,0.040879087109053386,0,0.0061312395482626975
1,1,0.7878183025936675,1,0.8459120708705378
0,0,0.4931223947255009,1,0.6443961211057693
1,1,0.9908136318473053,1,0.9988727511303671
0,0,0.30773819036507455,0,0.3232085215514714
0,0,0.11287150567059645,0,0.030712355997954563
0,0,0.025303678537343537,0,0.006036253969045151
0,0,0.21835738228958795,0,0.10219022091321517
0,1,0.9003311481862487,1,0.9840612575607817
0,0,0.07245342031799325,0,0.06336229873509075
0,0,0.10252159641236767,0,0.04473492729860094
0,0,0.07065564298048824,0,0.03364296498300419
1,0,0.3873671083968029,0,0.29467156493865015
0,1,0.7741851708512627,1,0.8453601288516904
0,0,0.2925284945051687,0,0.19840627743040962
0,0,0.19599745304942387,0,0.13052846183466216
0,0,0.19581616337558516,0,0.14516069106289986
0,0,0.4539438257862142,0,0.24935319147344162
0,0,0.4890412846324679,1,0.4854594904353859
0,1,0.622124452775397,1,0.6376505927442553
0,1,0.5690619946581185,1,0.37231238108745124
0,0,0.17271917496694902,0,0.11431243652887342
0,0,0.37358137823182336,1,0.4033026948467355
0,0,0.1458454102017873,0,0.17062209482490978
1,1,0.5464181897794177,1,0.39557754866367056
0,0,0.41257388260901834,1,0.4305201615919958
0,0,0.029438964427879168,0,0.006551773786245733
1,1,0.8493237332692124,1,0.9640795384356681
0,0,0.4581072130285772,1,0.7773082792048766
1,0,0.18183820994564232,0,0.10588994418833521
0,0,0.3511512662583927,0,0.14063726990084896
0,0,0.35085485832731805,0,0.1798362326187096
0,1,0.699010798080359,1,0.756014873161784
0,0,0.3215847713028828,0,0.16315008676026577
0,1,0.9390834538411865,1,0.977790158561968
0,0,0.07606851030735126,0,0.01721718988580983
0,0,0.19377787496855856,0,0.11040976772784739
0,0,0.13383706495293535,0,0.0530028498711628
1,1,0.5374016267049965,1,0.42274510339271465
0,0,0.36523174935376607,0,0.20402245118280385
0,1,0.6779481251952256,1,0.8069164632797555
0,0,0.17917275538243937,0,0.09273101669095579
0,0,0.41806268000019253,1,0.4673156993353263
0,1,0.5219199974153188,0,0.3128251114044397
0,0,0.12888153072056183,0,0.08106355525224006
1,1,0.9330589384287552,1,0.9312307044757991
0,1,0.5490043962787091,1,0.5277324230311087
1,0,0.3925397085497726,1,0.4236250088143151
0,0,0.3998995655083306,1,0.46555430687619503
1,1,0.8072476953534868,1,0.939444581622514
1,1,0.7891386742189311,1,0.7780332584394787
0,0,0.06419301308643265,0,0.016895117252827104
0,0,0.4564355829852637,1,0.449845853405554
